order_id,line_number,transaction_ts,store_id,customer_id,product_id,quantity,unit_price,discount_amount,payment_method,order_status,source_system
ORD-714895,1,2026-07-23 15:20:00,6,,187,1,111.55,0.0,Gift Card,Completed,POS-v2
ORD-714635,1,2026-07-22 16:16:44,15,205,185,1,93.73,0.0,Gift Card,Completed,POS-v2
ORD-715383,1,2026-07-25 21:46:00,6,473,182,1,195.25,0.0,Credit Card,Completed,POS-v2
ORD-657922,3,2025-10-31 11:39:48,4,607,227,1,134.16,26.83,Credit Card,Returned,POS-v2
ORD-714863,2,2026-07-23 21:03:50,16,1100,237,1,55.84,0.0,Debit Card,Completed,POS-v2
ORD-612317,1,2025-03-07 11:50:01,16,610,84,2,$50.83,10.17,Mobile Pay,Returned,POS-v2
ORD-715302,1,2026-07-25 09:55:35,1,700,141,1,1122.69,0.0,Debit Card,Completed,POS-v2
ORD-715612,2,2026-07-26 16:02:20,8,,155,1,19.51,3.9,Mobile Pay,Completed,POS-v2
ORD-715929,1,2026-07-28 21:18:00,13,382,110,1,25.73,0.0,Mobile Pay,Cancelled,POS-v2
ORD-715518,1,2026-07-26 16:26:41,17,48,196,1,50.99,0.0,Gift Card,Completed,POS-v2
ORD-715305,2,2026-07-25 17:33:57,11,590,149,2,134.15,0.0,Credit Card,Completed,POS-v2
ORD-715308,4,2026-07-25 15:37:21,16,586,136,1,55.76,0.0,Debit Card,Completed,POS-v2
ORD-714867,2,2026-07-23 17:30:01,19,,217,1,81.50,0.0,Cash,Completed,POS-v2
ORD-715295,1,2026-07-25 15:56:08,19,319,50,1,215.03,0.0,Debit Card,Completed,POS-v2
ORD-715123,3,07/24/2026 18:12,2,878,70,3,237.97,0.0,Gift Card,Completed,POS-v2
ORD-715267,2,2026-07-25 17:25:30,14,165,153,1,1127.10,0.0,Cash,Completed,POS-v2
ORD-714761,1,2026-07-22 15:06:55,9,861,115,2,80.31,0.0,Credit Card,Completed,POS-v2
ORD-715600,1,2026-07-26 10:24:12,11,,175,1,14.65,0.0,Debit Card,Completed,POS-v2
ORD-715931,1,2026-07-28 16:09:45,5,664,183,3,145.87,0.0,Credit Card,Completed,POS-v2
ORD-715433,3,2026-07-26 18:35:09,12,681,236,1,$61.31,0.0,Mobile Pay,Completed,POS-v2
ORD-715165,1,2026-07-24 15:34:42,12,1049,118,3,345.48,0.0,Gift Card,Completed,POS-v2
ORD-714999,1,2026-07-24 14:02:54,12,486,111,5,99.58,0.0,Cash,Completed,POS-v2
ORD-715018,1,2026-07-24 11:35:43,2,84,243,3,57.56,34.54,Debit Card,Returned,POS-v2
ORD-714881,1,2026-07-23 12:18:02,9,68,127,2,56.77,0.0,Credit Card,Cancelled,POS-v2
ORD-715317,2,2026-07-25 13:18:31,6,1117,128,3,72.85,10.93,Mobile Pay,Returned,POS-v2
ORD-714990,2,2026-07-24 20:26:12,3,365,53,2,488.62,0.0,Debit Card,Completed,POS-v2
ORD-715221,2,2026-07-25 15:04:15,20,1005,229,1,23.72,0.0,Cash,Returned,POS-v2
ORD-715452,1,2026-07-26 15:55:41,12,150,51,1,7.15,0.72,Credit Card,Completed,POS-v2
ORD-714870,1,2026-07-23 10:50:19,19,1043,11,1,338.28,0.0,Mobile Pay,Completed,POS-v2
ORD-715445,2,2026-07-26 17:13:13,8,27,109,1,91.47,0.0,Cash,Completed,POS-v2
ORD-715759,3,2026-07-27 18:57:42,18,288,22,2,150.38,0.0,Mobile Pay,Completed,POS-v2
ORD-715408,1,2026-07-25 17:04:56,10,629,204,3,274.55,0.0,Cash,Completed,POS-v2
ORD-715942,2,2026-07-28 19:07:34,16,,105,2,46.98,0.0,Credit Card,Completed,POS-v2
ORD-715684,1,2026-07-27 09:55:09,12,527,3,1,346.86,52.03,Cash,Completed,POS-v2
ORD-715360,2,2026-07-25 14:15:32,17,1081,3,3,346.86,0.0,Cash,Completed,POS-v2
ORD-715883,2,2026-07-28 15:08:16,10,962,193,1,50.27,0.0,Gift Card,Completed,POS-v2
ORD-715939,2,2026-07-28 14:58:29,20,1154,128,1,72.85,10.93,Cash,Completed,POS-v2
ORD-715816,3,2026-07-27 20:08:14,14,627,67,5,16.30,0.0,Cash,Completed,POS-v2
ORD-716032,1,2026-07-28 18:01:32,19,475,42,2,77.88,0.0,Gift Card,Completed,POS-v2
ORD-715617,3,2026-07-26 14:13:57,14,627,71,2,$11.90,0.0,Cash,Cancelled,POS-v2
ORD-715154,1,2026-07-24 15:17:04,11,1059,224,2,180.57,0.0,Mobile Pay,Completed,POS-v2
ORD-715845,1,2026-07-27 10:58:04,14,30,193,1,50.27,0.0,Debit Card,Completed,POS-v2
ORD-715971,1,2026-07-28 13:59:00,2,129,153,1,1127.10,0.0,Credit Card,Completed,POS-v2
ORD-715288,1,2026-07-25 15:07:38,17,737,45,1,11.11,0.0,Credit Card,Completed,POS-v2
ORD-714836,1,2026-07-23 17:49:24,3,221,78,2,673.47,0.0,Gift Card,Completed,POS-v2
ORD-715704,4,2026-07-27 17:22:50,21,335,57,2,67.39,0.0,Gift Card,Completed,WEB
ORD-715002,2,2026-07-24 19:48:01,15,1174,227,1,134.16,0.0,Mobile Pay,Completed,POS-v2
ORD-715932,1,2026-07-28 20:16:58,9,57,140,1,94.75,0.0,Debit Card,Completed,POS-v2
ORD-714622,3,2026-07-22 11:24:27,10,212,131,1,128.39,0.0,Debit Card,Completed,POS-v2
ORD-715103,1,2026-07-24 11:14:11,4,1085,171,1,63.56,3.18,Cash,Completed,POS-v2
ORD-715407,3,2026-07-25 21:27:10,10,83,28,2,204.69,0.0,Gift Card,Cancelled,POS-v2
ORD-715913,1,2026-07-28 17:34:30,14,496,160,2,1082.37,0.0,Mobile Pay,Completed,POS-v2
ORD-715116,3,2026-07-24 19:32:44,12,486,40,1,364.97,0.0,Mobile Pay,Returned,POS-v2
ORD-714613,3,2026-07-22 13:36:18,21,463,60,1,206.81,0.0,Credit Card,Completed,WEB
ORD-715022,1,2026-07-24 16:57:34,3,262,193,1,50.27,0.0,Mobile Pay,Completed,POS-v2
ORD-714890,1,2026-07-23 13:27:06,6,878,39,5,47.04,0.0,Credit Card,Completed,POS-v2
ORD-714779,4,2026-07-22 12:39:32,17,326,13,1,55.30,0.0,Credit Card,Completed,POS-v2
ORD-715568,1,2026-07-26 17:10:57,4,52,211,1,34.56,0.0,Credit Card,Completed,POS-v2
ORD-715870,1,2026-07-28 18:00:11,11,701,145,3,20.64,0.0,Cash,Completed,POS-v2
ORD-714940,1,2026-07-23 21:47:33,16,393,130,2,24.61,0.0,Cash,Completed,POS-v2
ORD-715945,1,2026-07-28 15:25:15,13,,144,3,45.16,27.1,Credit Card,Completed,POS-v2
ORD-716030,1,2026-07-28 17:06:44,4,1052,164,1,29.32,0.0,Debit Card,Completed,POS-v2
ORD-715501,1,2026-07-26 15:42:24,9,594,190,1,212.33,0.0,Gift Card,Completed,POS-v2
ORD-715551,1,2026-07-26 21:09:44,3,848,146,1,135.01,6.75,Mobile Pay,Completed,POS-v2
ORD-714856,1,2026-07-23 13:21:20,1,600,168,1,7.91,0.79,Gift Card,Completed,POS-v2
ORD-715014,1,2026-07-24 10:13:36,4,635,128,2,72.85,21.85,Credit Card,Completed,POS-v2
ORD-714999,2,2026-07-24 14:02:54,12,486,201,2,15.47,0.0,Cash,Cancelled,POS-v2
ORD-714740,2,2026-07-22 15:22:26,5,291,131,1,128.39,0.0,Mobile Pay,Completed,POS-v2
ORD-715763,2,2026-07-27 18:51:38,19,1030,26,2,24.96,0.0,Debit Card,Completed,POS-v2
ORD-714842,1,2026-07-23 10:50:56,1,3,124,1,60.39,6.04,Debit Card,COMPLETED,POS-v2
ORD-715817,2,2026-07-27 20:32:12,13,931,174,1,47.32,7.1,Gift Card,Returned,POS-v2
ORD-715996,1,2026-07-28 17:12:01,6,,237,1,55.84,0.0,Mobile Pay,Returned,POS-v2
ORD-715167,1,2026-07-25 16:56:23,20,605,76,1,474.35,0.0,Cash,Completed,POS-v2
ORD-716049,2,2026-07-28 14:22:21,14,578,45,1,11.11,0.0,Gift Card,Completed,POS-v2
ORD-714711,2,2026-07-22 16:04:31,8,,233,1,50.90,0.0,Cash,Completed,POS-v2
ORD-715116,2,2026-07-24 19:32:44,12,486,229,1,23.72,0.0,Cash,Completed,POS-v2
ORD-715440,1,2026-07-26 15:28:09,19,1166,141,1,1122.69,112.27,Gift Card,Completed,POS-v2
ORD-715446,2,2026-07-26 17:52:21,13,172,105,1,46.98,0.0,Gift Card,Completed,POS-v2
ORD-714916,1,2026-07-23 19:23:23,17,559,156,2,385.29,0.0,Debit Card,Completed,POS-v2
ORD-714800,1,2026-07-23 14:03:55,3,542,183,1,145.87,0.0,Credit Card,Completed,POS-v2
ORD-715201,1,2026-07-25 15:55:53,11,982,4,1,6.69,0.0,Credit Card,Completed,POS-v2
ORD-502231,1,2023-07-28 21:43:35,13,,175,1,14.65,2.93,Debit Card,Returned,POS-v2
ORD-715521,1,2026-07-26 18:35:07,11,851,156,1,385.29,0.0,Credit Card,Completed,POS-v2
ORD-715254,2,2026-07-25 14:56:54,1,118,57,1,67.39,3.37,Credit Card,Completed,POS-v2
ORD-715762,2,2026-07-27 14:27:18,5,,224,1,180.57,0.0,Credit Card,Completed,POS-v2
ORD-715980,3,2026-07-28 17:41:26,19,1101,133,1,602.18,0.0,Credit Card,Returned,POS-v2
ORD-715407,2,2026-07-25 21:27:10,10,83,244,1,20.58,4.12,Debit Card,Returned,POS-v2
ORD-714845,3,2026-07-23 17:22:29,9,84,222,1,528.97,0.0,Cash,Completed,POS-v2
ORD-715659,1,2026-07-26 20:03:09,10,660,242,1,16.09,3.22,Debit Card,Completed,POS-v2
ORD-715811,1,2026-07-27 21:36:18,12,460,181,3,170.57,0.0,Gift Card,Completed,POS-v2
ORD-715089,2,2026-07-24 13:35:19,21,,2,3,328.81,0.0,Mobile Pay,Completed,WEB
ORD-715671,1,2026-07-27 14:42:11,10,853,59,1,2.47,0.0,Credit Card,Completed,POS-v2
ORD-715396,1,2026-07-25 20:34:41,7,3,229,1,23.72,0.0,Mobile Pay,Completed,POS-v2
ORD-715166,1,2026-07-25 20:24:38,2,314,166,1,4.90,0.25,Credit Card,Completed,POS-v2
ORD-714622,2,2026-07-22 11:24:27,10,212,212,2,40.54,16.22,Mobile Pay,Returned,POS-v2
ORD-715322,1,2026-07-25 14:38:38,14,425,203,1,53.83,0.0,Gift Card,Completed,POS-v2
ORD-715229,2,2026-07-25 17:40:37,17,317,154,1,41.08,0.0,Credit Card,Completed,POS-v2
ORD-714877,4,2026-07-23 19:19:22,10,786,9,1,10.43,0.0,Mobile Pay,Cancelled,POS-v2
ORD-714771,1,2026-07-22 13:57:41,1,195,53,1,488.62,0.0,Credit Card,Completed,POS-v2
ORD-715757,3,2026-07-27 14:38:28,10,757,57,1,67.39,10.11,Cash,Completed,POS-v2
ORD-715223,1,2026-07-25 18:33:33,6,611,190,1,212.33,0.0,Mobile Pay,Completed,POS-v2
ORD-716036,1,2026-07-28 11:37:32,9,,194,1,131.67,0.0,Mobile Pay,Completed,POS-v2
ORD-715873,3,2026-07-28 15:30:07,21,1001,85,1,824.56,0.0,Cash,Returned,WEB
ORD-714676,1,2026-07-22 16:25:52,19,372,128,1,72.85,0.0,Debit Card,Completed,POS-v2
ORD-715279,1,2026-07-25 17:31:28,13,287,145,1,20.64,0.0,Credit Card,Completed,POS-v2
ORD-715106,1,2026-07-24 11:37:27,4,24,129,1,24.64,0.0,Mobile Pay,Completed,POS-v2
ORD-714882,1,2026-07-23 20:28:17,20,,244,1,20.58,0.0,Debit Card,Completed,POS-v2
ORD-715356,2,2026-07-25 18:28:50,15,20,121,1,6.80,0.68,Gift Card,Completed,POS-v2
ORD-715308,2,2026-07-25 15:37:21,16,586,132,1,29.88,0.0,Credit Card,Returned,POS-v2
ORD-714817,2,2026-07-23 18:06:41,13,518,5,1,34.07,0.0,Gift Card,COMPLETED,POS-v2
ORD-502231,1,2023-07-28 21:43:35,13,,175,1,14.65,2.93,Debit Card,Returned,POS-v2
ORD-714771,3,2026-07-22 13:57:41,1,195,165,1,59.42,0.0,Credit Card,Completed,POS-v2
ORD-715015,1,2026-07-24 13:47:34,7,650,140,1,94.75,0.0,Mobile Pay,Completed,POS-v2
ORD-715459,1,2026-07-26 13:07:03,13,,240,1,14.88,0.0,Mobile Pay,COMPLETED,POS-v2
ORD-715435,2,2026-07-26 18:39:40,12,644,148,2,71.49,0.0,Mobile Pay,Completed,POS-v2
ORD-714876,1,2026-07-23 21:35:11,3,373,235,3,129.37,0.0,Gift Card,Completed,POS-v2
ORD-715624,1,2026-07-26 15:35:55,15,1117,14,1,81.28,0.0,Cash,Completed,POS-v2
ORD-715446,1,07/26/2026 17:52,13,172,140,1,94.75,0.0,Cash,Returned,POS-v2
ORD-715731,2,2026-07-27 18:10:47,19,,112,1,79.39,11.91,Debit Card,Completed,POS-v2
ORD-714715,3,2026-07-22 19:04:45,15,631,125,1,16.05,0.0,Debit Card,Completed,POS-v2
ORD-715064,2,2026-07-24 17:09:49,18,709,22,1,150.38,0.0,Debit Card,Completed,POS-v2
ORD-715736,1,2026-07-27 18:47:31,19,887,244,3,20.58,0.0,Cash,Completed,POS-v2
ORD-714865,2,2026-07-23 18:34:31,16,1159,148,1,71.49,0.0,Mobile Pay,Completed,POS-v2
ORD-714702,1,2026-07-22 21:16:25,2,594,109,2,91.47,0.0,Cash,Completed,POS-v2
ORD-714923,1,2026-07-23 12:48:22,2,686,55,1,631.41,63.14,Debit Card,Completed,POS-v2
ORD-715706,1,2026-07-27 19:35:14,18,834,138,1,101.54,0.0,Gift Card,Completed,POS-v2
ORD-714907,3,2026-07-23 17:20:37,18,,69,1,392.90,0.0,Mobile Pay,Completed,POS-v2
ORD-714615,3,2026-07-22 19:59:08,6,1026,35,2,11.26,0.0,Mobile Pay,Completed,POS-v2
ORD-715778,1,2026-07-27 12:40:31,8,329,227,1,134.16,0.0,Cash,Completed,POS-v2
ORD-715113,4,2026-07-24 11:14:40,19,,167,1,436.64,65.5,Gift Card,COMPLETED,POS-v2
ORD-714949,2,2026-07-23 11:44:28,20,,127,1,56.77,0.0,Debit Card,Returned,POS-v2
ORD-714873,1,2026-07-23 11:51:39,15,,138,1,101.54,0.0,Mobile Pay,Completed,POS-v2
ORD-715268,2,2026-07-25 19:34:10,5,672,130,1,24.61,0.0,Credit Card,Completed,POS-v2
ORD-715949,1,2026-07-28 18:16:48,8,,150,2,105.01,0.0,Gift Card,Completed,POS-v2
ORD-715022,2,2026-07-24 16:57:34,3,262,130,1,24.61,0.0,Cash,Completed,POS-v2
ORD-715091,1,2026-07-24 20:48:28,1,,83,1,21.39,0.0,Mobile Pay,COMPLETED,POS-v2
ORD-716004,1,2026-07-28 15:03:48,13,1187,42,1,77.88,0.0,Credit Card,Completed,POS-v2
ORD-678866,2,2026-01-21 16:34:39,3,622,42,2,77.88,0.0,Mobile Pay,Returned,POS-v2
ORD-715920,2,2026-07-28 15:51:08,4,1073,77,1,361.16,0.0,Credit Card,Completed,POS-v2
ORD-715151,2,2026-07-24 10:30:14,16,1074,49,1,13.16,0.0,Credit Card,Completed,POS-v2
ORD-715347,1,2026-07-25 11:16:42,2,539,66,1,9.23,0.0,Cash,Cancelled,POS-v2
ORD-715134,1,2026-07-24 18:08:30,12,195,223,1,1351.62,0.0,Credit Card,Completed,POS-v2
ORD-714893,2,2026-07-23 10:08:35,6,213,64,1,127.10,0.0,Gift Card,Completed,POS-v2
ORD-704082,2,2026-05-31 12:37:26,7,1090,243,2,57.56,0.0,Mobile Pay,Returned,POS-v2
ORD-714897,2,2026-07-23 13:59:14,20,393,63,2,113.03,0.0,Credit Card,Returned,POS-v2
ORD-714907,1,2026-07-23 17:20:37,18,,173,1,2.96,0.0,Credit Card,Completed,POS-v2
ORD-715707,1,2026-07-27 18:59:24,8,120,147,3,60.30,0.0,Mobile Pay,COMPLETED,POS-v2
ORD-715721,3,2026-07-27 11:13:40,1,124,120,1,91.88,13.78,Cash,Completed,POS-v2
ORD-715275,2,2026-07-25 18:47:23,16,109,36,1,78.85,0.0,Mobile Pay,Completed,POS-v2
ORD-715275,1,2026-07-25 18:47:23,16,109,51,1,7.15,0.0,Credit Card,Completed,POS-v2
ORD-714729,2,2026-07-22 15:15:45,19,690,179,1,799.36,159.87,Cash,Completed,POS-v2
ORD-715046,1,2026-07-24 13:05:00,11,,205,1,36.36,0.0,Credit Card,Cancelled,POS-v2
ORD-715297,1,2026-07-25 15:55:45,9,1126,78,2,673.47,67.35,Mobile Pay,COMPLETED,POS-v2
ORD-714737,1,2026-07-22 11:26:02,19,470,229,3,23.72,0.0,Gift Card,Completed,POS-v2
ORD-715436,1,2026-07-26 20:42:15,19,268,40,1,364.97,0.0,Debit Card,Completed,POS-v2
ORD-715922,2,2026-07-28 10:55:39,4,,81,1,784.69,156.94,Cash,Completed,POS-v2
ORD-715589,1,2026-07-26 11:47:52,1,1173,75,2,101.78,0.0,Debit Card,Completed,POS-v2
ORD-715259,1,2026-07-25 09:41:11,8,1093,119,2,438.82,0.0,Debit Card,Cancelled,POS-v2
ORD-715630,3,2026-07-26 10:42:00,8,732,81,2,784.69,0.0,Cash,Completed,POS-v2
ORD-715352,1,2026-07-25 11:52:08,20,438,49,1,13.16,0.0,Credit Card,Completed,POS-v2
ORD-715327,2,2026-07-25 10:07:53,19,1002,121,1,6.80,1.36,Mobile Pay,Completed,POS-v2
ORD-715516,1,2026-07-26 09:18:46,13,1026,115,1,80.31,8.03,Debit Card,Cancelled,POS-v2
ORD-715091,2,2026-07-24 20:48:28,1,,214,1,14.10,0.0,Credit Card,Completed,POS-v2
ORD-715420,2,2026-07-25 10:15:12,11,981,67,1,16.30,1.63,Credit Card,Completed,POS-v2
ORD-714608,1,2026-07-22 20:53:32,3,858,163,1,107.45,16.12,Gift Card,Completed,POS-v2
ORD-715059,2,2026-07-24 15:40:47,6,618,24,2,1052.95,0.0,Gift Card,Completed,POS-v2
ORD-714685,1,2026-07-22 19:25:19,11,,77,2,361.16,0.0,Mobile Pay,Completed,POS-v2
ORD-714680,1,2026-07-22 17:30:59,3,411,141,1,1122.69,112.27,Credit Card,Completed,POS-v2
ORD-716018,2,2026-07-28 14:10:47,14,920,10,2,29.56,0.0,Gift Card,Completed,POS-v2
ORD-716050,1,2026-07-28 09:01:09,10,1127,243,1,57.56,0.0,Gift Card,Completed,POS-v2
ORD-714926,2,2026-07-23 16:45:20,15,1025,208,1,74.89,0.0,Cash,Returned,POS-v2
ORD-715376,2,2026-07-25 17:53:46,3,113,23,1,5.78,0.0,Gift Card,Returned,POS-v2
ORD-715637,1,2026-07-26 20:08:15,3,117,154,1,41.08,0.0,Debit Card,Completed,POS-v2
ORD-715976,2,2026-07-28 21:38:05,18,1071,124,2,60.39,0.0,Debit Card,Completed,POS-v2
ORD-714698,1,2026-07-22 14:15:40,4,397,121,1,6.80,0.0,Gift Card,Returned,POS-v2
ORD-715125,1,2026-07-24 18:34:37,8,782,103,3,$37.96,0.0,Cash,Completed,POS-v2
ORD-715783,2,2026-07-27 15:47:30,12,936,143,1,1.79,0.36,Debit Card,Completed,POS-v2
ORD-570056,1,2024-08-06 14:53:47,10,157,89,1,293.17,14.66,Credit Card,Returned,POS-v2
ORD-715586,1,2026-07-26 16:47:12,19,1026,171,1,63.56,3.18,Gift Card,Completed,POS-v2
ORD-716028,1,2026-07-28 20:06:44,13,163,28,1,204.69,0.0,Cash,Completed,POS-v2
ORD-691027,1,2026-03-28 15:43:08,18,194,69,1,392.90,0.0,Credit Card,Returned,POS-v2
ORD-715819,1,2026-07-27 20:17:10,3,1131,77,1,361.16,0.0,Credit Card,Completed,POS-v2
ORD-714788,2,2026-07-23 15:58:18,21,413,152,1,44.47,0.0,Gift Card,Completed,WEB
ORD-715514,2,2026-07-26 14:25:10,18,596,120,1,91.88,0.0,Cash,Completed,POS-v2
ORD-715409,2,2026-07-25 12:20:54,10,676,76,2,474.35,94.87,Credit Card,Completed,POS-v2
ORD-714749,3,2026-07-22 13:02:59,9,896,218,1,28.28,5.66,Cash,Completed,POS-v2
ORD-715790,3,2026-07-27 15:24:39,13,303,182,2,195.25,0.0,Cash,Completed,POS-v2
ORD-715352,2,2026-07-25 11:52:08,20,438,95,2,9.57,0.0,Cash,Completed,POS-v2
ORD-714917,2,2026-07-23 16:00:42,5,,45,2,11.11,0.0,Cash,Completed,POS-v2
ORD-715787,1,2026-07-27 16:00:36,10,816,110,2,25.73,5.15,Mobile Pay,Completed,POS-v2
ORD-715115,1,2026-07-24 16:33:22,8,,128,2,72.85,0.0,Gift Card,Completed,POS-v2
ORD-714709,1,2026-07-22 21:31:38,12,55,179,1,799.36,0.0,Gift Card,Completed,POS-v2
ORD-715438,1,2026-07-26 15:09:42,9,,171,2,63.56,0.0,Gift Card,Returned,POS-v2
ORD-714919,3,2026-07-23 08:18:38,6,101,139,1,13.55,0.0,Cash,Completed,POS-v2
ORD-715579,2,2026-07-26 20:48:39,4,877,223,2,1351.62,0.0,Credit Card,Completed,POS-v2
ORD-714899,1,2026-07-23 15:33:06,6,,33,1,92.00,0.0,Gift Card,Completed,POS-v2
ORD-715612,3,2026-07-26 16:02:20,8,,78,1,673.47,33.67,Gift Card,Completed,POS-v2
ORD-715779,1,2026-07-27 13:38:12,4,1123,163,5,107.45,0.0,Gift Card,Completed,POS-v2
ORD-715308,1,2026-07-25 15:37:21,16,586,237,2,55.84,5.58,Cash,Completed,POS-v2
ORD-714618,1,2026-07-22 13:26:39,2,643,237,1,55.84,2.79,Credit Card,Completed,POS-v2
ORD-714909,1,2026-07-23 21:00:53,8,518,39,3,47.04,0.0,Gift Card,Completed,POS-v2
ORD-715316,2,2026-07-25 18:27:00,3,,151,1,1170.91,0.0,Gift Card,Completed,POS-v2
ORD-714769,1,2026-07-22 16:09:26,6,815,104,2,67.69,6.77,Mobile Pay,Completed,POS-v2
ORD-715020,1,2026-07-24 14:59:42,5,958,108,5,152.24,0.0,Debit Card,Completed,POS-v2
ORD-715476,1,2026-07-26 19:49:01,21,704,137,1,46.27,0.0,Gift Card,Completed,WEB
ORD-715851,1,2026-07-28 13:59:41,10,674,155,3,19.51,11.71,Debit Card,Completed,POS-v2
ORD-715563,1,2026-07-26 16:18:48,17,863,171,1,63.56,0.0,Gift Card,Completed,POS-v2
ORD-716004,2,2026-07-28 15:03:48,13,1187,36,1,78.85,0.0,Cash,Completed,POS-v2
ORD-715864,2,2026-07-28 19:36:55,20,992,168,1,7.91,1.19,Debit Card,Completed,POS-v2
ORD-714803,1,2026-07-23 17:33:15,2,737,51,1,7.15,0.0,Credit Card,Completed,POS-v2
ORD-715945,3,2026-07-28 15:25:15,13,,134,1,392.62,78.52,Debit Card,Completed,POS-v2
ORD-715349,3,2026-07-25 10:59:48,12,1141,122,1,1194.92,238.98,Mobile Pay,Completed,POS-v2
ORD-529217,2,2023-12-16 13:35:31,5,587,168,1,7.91,0.0,Mobile Pay,Returned,POS-v2
ORD-715137,1,2026-07-24 13:55:15,6,428,149,1,134.15,0.0,Credit Card,Completed,POS-v2
ORD-715747,1,2026-07-27 16:55:15,1,459,129,1,24.64,0.0,Debit Card,Completed,POS-v2
ORD-625059,1,2025-05-14 21:26:26,7,751,75,1,101.78,0.0,Cash,Returned,POS-v2
ORD-715836,1,2026-07-27 15:58:24,16,27,18,1,97.64,0.0,Gift Card,Cancelled,POS-v2
ORD-714626,1,2026-07-22 11:42:11,14,552,143,1,1.79,0.0,Credit Card,Cancelled,POS-v2
ORD-714764,1,2026-07-22 17:07:04,9,1200,221,3,17.16,0.0,Cash,Completed,POS-v2
ORD-715614,1,2026-07-26 09:25:36,9,451,212,1,40.54,0.0,Debit Card,Completed,POS-v2
ORD-715230,1,2026-07-25 12:49:34,21,169,34,1,8.35,0.0,Gift Card,Completed,WEB
ORD-715113,3,2026-07-24 11:14:40,19,,61,1,47.01,0.0,Credit Card,Returned,POS-v2
ORD-715668,2,2026-07-26 13:01:25,20,1077,227,3,134.16,0.0,Debit Card,Completed,POS-v2
ORD-716031,1,2026-07-28 10:53:55,19,,95,2,9.57,0.96,Mobile Pay,Completed,POS-v2
ORD-715501,2,2026-07-26 15:42:24,9,594,141,5,1122.69,0.0,Debit Card,Completed,POS-v2
ORD-513157,2,2023-10-01 16:24:38,21,363,148,1,71.49,0.0,Mobile Pay,Returned,WEB
ORD-715266,2,2026-07-25 19:26:53,19,826,147,1,60.30,0.0,Gift Card,Cancelled,POS-v2
ORD-715083,4,2026-07-24 14:49:17,16,240,172,2,136.55,0.0,Mobile Pay,Completed,POS-v2
ORD-715656,2,2026-07-26 14:54:35,11,189,76,1,474.35,94.87,Debit Card,Completed,POS-v2
ORD-715660,1,2026-07-26 12:11:37,2,315,193,3,50.27,0.0,Gift Card,Completed,POS-v2
ORD-714876,2,2026-07-23 21:35:11,3,373,49,2,13.16,0.0,Gift Card,Completed,POS-v2
ORD-715435,1,2026-07-26 18:39:40,12,644,74,1,50.24,0.0,Cash,Returned,POS-v2
ORD-714710,1,2026-07-22 10:11:15,3,376,12,1,20.16,0.0,Gift Card,Completed,POS-v2
ORD-715363,2,2026-07-25 20:40:26,1,584,206,1,40.72,0.0,Mobile Pay,Completed,POS-v2
ORD-714729,1,2026-07-22 15:15:45,19,690,6,1,144.10,0.0,Debit Card,Completed,POS-v2
ORD-715460,1,2026-07-26 15:21:25,2,41,190,1,212.33,10.62,Cash,Completed,POS-v2
ORD-715131,2,2026-07-24 16:42:25,4,484,199,1,11.44,0.0,Debit Card,Returned,POS-v2
ORD-715321,1,2026-07-25 13:01:01,16,1175,186,1,437.54,0.0,Gift Card,Completed,POS-v2
ORD-679286,1,2026-01-24 10:51:21,2,124,21,1,551.96,0.0,Debit Card,Returned,POS-v2
ORD-715976,4,2026-07-28 21:38:05,18,1071,160,1,1082.37,0.0,Mobile Pay,Completed,POS-v2
ORD-715278,2,2026-07-25 17:19:53,3,467,41,1,15.59,1.56,Gift Card,Completed,POS-v2
ORD-715249,1,2026-07-25 13:39:39,6,1056,79,1,203.27,0.0,Gift Card,Completed,POS-v2
ORD-714981,2,2026-07-24 18:02:20,9,816,222,1,528.97,52.9,Mobile Pay,Completed,POS-v2
ORD-715729,3,2026-07-27 15:17:41,8,916,67,1,16.30,1.63,Cash,Cancelled,POS-v2
ORD-715061,2,2026-07-24 13:41:56,9,165,180,1,84.76,0.0,Mobile Pay,Returned,POS-v2
ORD-714973,1,2026-07-24 09:36:57,2,773,187,1,111.55,0.0,Credit Card,Completed,POS-v2
ORD-714731,1,2026-07-22 13:01:25,16,989,199,1,11.44,0.0,Gift Card,Completed,POS-v2
ORD-715787,2,2026-07-27 16:00:36,10,816,232,2,40.48,0.0,Credit Card,Cancelled,POS-v2
ORD-715136,2,2026-07-24 16:22:49,21,179,194,1,131.67,0.0,Gift Card,Completed,WEB
ORD-715463,1,2026-07-26 13:43:51,6,891,122,1,1194.92,238.98,Cash,Completed,POS-v2
ORD-715355,2,2026-07-25 16:15:01,15,524,154,1,41.08,0.0,Cash,Completed,POS-v2
ORD-715412,3,2026-07-25 15:37:03,8,492,247,1,88.74,0.0,Gift Card,Completed,POS-v2
ORD-714948,1,2026-07-23 19:22:03,19,1090,101,1,1276.11,63.81,Cash,Completed,POS-v2
ORD-715160,2,2026-07-24 10:26:20,16,341,166,1,4.90,0.25,Gift Card,Completed,POS-v2
ORD-715481,2,2026-07-26 15:59:28,7,634,124,1,60.39,0.0,Gift Card,Completed,POS-v2
ORD-716009,1,2026-07-28 19:14:19,15,1109,27,5,125.91,0.0,Mobile Pay,Completed,POS-v2
ORD-715909,1,2026-07-28 16:57:08,5,64,142,3,140.07,0.0,Cash,Completed,POS-v2
ORD-715165,2,2026-07-24 15:34:42,12,1049,129,1,24.64,0.0,Mobile Pay,Completed,POS-v2
ORD-715844,1,2026-07-27 16:00:22,2,922,135,1,9.65,0.0,Credit Card,Completed,POS-v2
ORD-715177,2,2026-07-25 15:34:38,1,683,111,1,99.58,0.0,Cash,CANCELLED,POS-v2
ORD-715961,1,2026-07-28 10:52:34,1,1170,147,1,60.30,0.0,Credit Card,Completed,POS-v2
ORD-715587,2,2026-07-26 11:29:04,16,,236,1,61.31,0.0,Gift Card,Completed,POS-v2
ORD-715365,2,2026-07-25 18:13:53,14,1142,206,2,40.72,0.0,Gift Card,Completed,POS-v2
ORD-714752,1,2026-07-22 17:56:06,4,991,173,2,2.96,0.0,Gift Card,Completed,POS-v2
ORD-715724,2,2026-07-27 14:47:12,13,130,74,1,50.24,10.05,Gift Card,Completed,POS-v2
ORD-715291,1,2026-07-25 10:25:41,15,236,231,1,161.90,0.0,Gift Card,Completed,POS-v2
ORD-714961,1,2026-07-24 17:23:20,19,137,185,1,93.73,0.0,Gift Card,Completed,POS-v2
ORD-714892,1,2026-07-23 12:31:49,17,,75,1,101.78,0.0,Gift Card,Completed,POS-v2
ORD-715910,2,2026-07-28 19:48:58,8,13,21,1,551.96,0.0,Mobile Pay,Completed,POS-v2
ORD-714860,3,2026-07-23 12:39:18,7,893,242,1,16.09,0.0,Debit Card,Completed,POS-v2
ORD-715462,1,2026-07-26 13:07:15,14,976,91,1,299.59,0.0,Cash,Completed,POS-v2
ORD-715456,4,2026-07-26 15:40:01,3,71,12,1,20.16,0.0,Cash,Completed,POS-v2
ORD-715567,3,2026-07-26 14:20:32,10,781,224,3,180.57,0.0,Cash,Completed,POS-v2
ORD-714641,1,2026-07-22 08:10:22,9,116,84,1,50.83,0.0,Gift Card,Cancelled,POS-v2
ORD-714930,1,2026-07-23 14:33:37,7,1079,229,1,23.72,0.0,Credit Card,Completed,POS-v2
ORD-715915,2,2026-07-28 09:45:29,6,3,227,1,134.16,26.83,Mobile Pay,Completed,POS-v2
ORD-715711,2,2026-07-27 14:00:27,1,1167,169,1,24.37,0.0,Gift Card,Completed,POS-v2
ORD-714867,1,2026-07-23 17:30:01,19,,98,1,164.21,0.0,Mobile Pay,Completed,POS-v2
ORD-715934,1,2026-07-28 21:31:48,10,877,19,1,16.07,0.0,Debit Card,Completed,POS-v2
ORD-715002,1,2026-07-24 19:48:01,15,1174,67,1,16.30,0.0,Debit Card,Cancelled,POS-v2
ORD-716013,1,2026-07-28 18:18:21,8,603,243,1,57.56,11.51,Credit Card,Completed,POS-v2
ORD-716029,2,2026-07-28 20:59:46,16,47,69,1,392.90,58.93,Mobile Pay,Cancelled,POS-v2
ORD-715226,2,2026-07-25 15:16:39,2,1031,48,1,32.92,0.0,Mobile Pay,Completed,POS-v2
ORD-715208,1,2026-07-25 15:15:11,13,28,49,1,13.16,0.0,Credit Card,Completed,POS-v2
ORD-715902,1,2026-07-28 17:09:26,13,,202,1,561.01,0.0,Credit Card,Completed,POS-v2
ORD-714714,1,2026-07-22 13:26:44,20,122,203,1,53.83,2.69,Gift Card,Completed,POS-v2
ORD-715799,1,2026-07-27 08:59:49,15,,25,1,12.30,1.23,Gift Card,Completed,POS-v2
ORD-716012,1,2026-07-28 08:29:25,10,696,66,1,9.23,0.0,Gift Card,Completed,POS-v2
ORD-715649,1,2026-07-26 18:07:23,4,823,48,1,32.92,0.0,Cash,Completed,POS-v2
ORD-715896,3,2026-07-28 15:04:03,2,648,142,2,140.07,42.02,Gift Card,Completed,POS-v2
ORD-715167,2,2026-07-25 16:56:23,20,605,103,1,37.96,7.59,Credit Card,Completed,POS-v2
ORD-520299,1,2023-11-10 15:42:46,20,1120,249,1,11.47,0.0,Gift Card,Returned,POS-v2
ORD-715155,1,2026-07-24 20:14:16,8,79,71,1,11.90,0.0,Credit Card,Completed,POS-v2
ORD-714640,1,2026-07-22 19:59:52,4,1130,234,1,129.98,0.0,Mobile Pay,Completed,POS-v2
ORD-583627,1,2024-10-21 13:26:28,7,,196,5,50.99,0.0,Debit Card,Returned,POS-v2
ORD-715547,1,2026-07-26 16:23:27,18,629,136,3,55.76,0.0,Credit Card,Cancelled,POS-v2
ORD-715608,1,2026-07-26 12:39:25,14,663,35,1,11.26,0.0,Cash,Completed,POS-v2
ORD-715141,1,2026-07-24 21:16:12,15,758,177,3,35.36,0.0,Cash,Returned,POS-v2
ORD-715087,2,2026-07-24 21:15:17,16,,17,2,115.98,0.0,Debit Card,Completed,POS-v2
ORD-715781,1,2026-07-27 21:20:01,21,1007,249,2,11.47,0.0,Mobile Pay,Completed,WEB
ORD-715872,1,2026-07-28 11:15:18,10,899,54,2,22.37,6.71,Cash,Cancelled,POS-v2
ORD-714778,1,2026-07-22 14:55:14,15,1097,186,1,437.54,87.51,Debit Card,Completed,POS-v2
ORD-714891,1,2026-07-23 15:55:42,20,,56,1,21.79,0.0,Mobile Pay,Completed,POS-v2
ORD-715362,3,2026-07-25 09:10:30,16,861,131,5,128.39,0.0,Mobile Pay,Completed,POS-v2
ORD-715831,1,2026-07-27 13:42:57,2,459,147,3,60.30,0.0,Cash,Completed,POS-v2
ORD-591759,1,2024-11-24 17:39:16,12,1032,109,1,91.47,18.29,Debit Card,Returned,POS-v2
ORD-714620,1,2026-07-22 17:38:45,6,1161,199,2,11.44,0.0,Debit Card,Completed,POS-v2
ORD-715431,2,2026-07-26 15:18:20,8,636,37,1,16.94,0.0,Credit Card,Completed,POS-v2
ORD-715685,2,2026-07-27 18:26:06,18,843,125,2,16.05,0.0,Debit Card,Completed,POS-v2
ORD-715537,1,2026-07-26 11:55:48,21,1087,225,-2,69.71,0.0,Credit Card,Completed,WEB
ORD-715596,1,2026-07-26 13:16:41,3,331,63,2,113.03,0.0,Debit Card,Completed,POS-v2
ORD-714827,1,2026-07-23 21:16:01,3,477,142,1,140.07,0.0,Cash,COMPLETED,POS-v2
ORD-714994,2,2026-07-24 17:07:25,15,,119,1,438.82,0.0,Mobile Pay,Completed,POS-v2
ORD-715559,2,2026-07-26 12:13:53,6,759,149,1,134.15,0.0,Cash,Completed,POS-v2
ORD-715961,2,2026-07-28 10:52:34,1,1170,68,2,103.58,0.0,Debit Card,Completed,POS-v2
ORD-715794,1,2026-07-27 14:47:17,9,,228,1,27.53,0.0,Debit Card,Completed,POS-v2
ORD-715204,2,2026-07-25 13:22:12,4,1200,160,1,1082.37,0.0,Mobile Pay,Completed,POS-v2
ORD-715228,1,2026-07-25 09:20:15,7,566,56,1,21.79,0.0,Credit Card,Completed,POS-v2
ORD-715755,1,2026-07-27 14:10:19,11,,56,1,21.79,0.0,Credit Card,Cancelled,POS-v2
ORD-715670,1,2026-07-26 17:35:36,6,853,114,1,51.47,0.0,Credit Card,RETURNED,POS-v2
ORD-715111,1,2026-07-24 21:44:43,21,152,95,2,9.57,0.0,Credit Card,Completed,WEB
ORD-715477,1,2026-07-26 17:33:30,15,566,73,1,156.03,15.6,Debit Card,Cancelled,POS-v2
ORD-715825,1,2026-07-27 11:31:17,6,818,3,1,346.86,34.69,Gift Card,Completed,POS-v2
ORD-715003,1,2026-07-24 15:11:51,6,471,247,1,88.74,0.0,Credit Card,Completed,POS-v2
ORD-715536,1,2026-07-26 20:16:29,17,861,4,1,6.69,0.0,Cash,Returned,POS-v2
ORD-715943,1,2026-07-28 12:55:28,15,575,119,1,438.82,0.0,Cash,Completed,POS-v2
ORD-715946,1,2026-07-28 16:39:01,21,1011,153,2,1127.10,0.0,Cash,Completed,WEB
ORD-715096,4,2026-07-24 14:50:54,7,861,112,2,79.39,0.0,Cash,Completed,POS-v2
ORD-715093,2,2026-07-24 17:17:36,4,301,11,5,338.28,0.0,Debit Card,Completed,POS-v2
ORD-715946,2,2026-07-28 16:39:01,21,1011,51,1,7.15,0.0,Gift Card,Completed,WEB
ORD-715277,1,2026-07-25 10:12:43,15,1184,54,1,22.37,0.0,Debit Card,Returned,POS-v2
ORD-714960,3,2026-07-24 12:32:08,6,629,21,1,551.96,0.0,Mobile Pay,Completed,POS-v2
ORD-716003,1,2026-07-28 21:38:16,13,491,77,3,361.16,0.0,Cash,Completed,POS-v2
ORD-715959,1,2026-07-28 15:24:28,2,234,9,1,10.43,0.0,Cash,Completed,POS-v2
ORD-714634,3,2026-07-22 20:02:02,10,410,156,1,385.29,57.79,Mobile Pay,Completed,POS-v2
ORD-716041,1,2026-07-28 11:27:51,21,299,230,1,40.82,2.04,Credit Card,Completed,WEB
ORD-715079,1,2026-07-24 12:01:24,20,823,154,2,41.08,0.0,Gift Card,Completed,POS-v2
ORD-715497,2,2026-07-26 17:32:00,2,647,70,1,237.97,0.0,Cash,Returned,POS-v2
ORD-714913,1,2026-07-23 16:28:34,7,634,132,1,29.88,0.0,Credit Card,Completed,POS-v2
ORD-715977,1,2026-07-28 10:00:56,21,853,132,1,29.88,1.49,Credit Card,Completed,WEB
ORD-715828,1,2026-07-27 12:50:39,6,359,24,1,1052.95,0.0,Mobile Pay,Cancelled,POS-v2
ORD-715068,1,2026-07-24 16:01:33,7,380,206,1,40.72,0.0,Gift Card,Completed,POS-v2
ORD-715307,1,2026-07-25 18:20:45,19,999,167,3,436.64,261.98,Credit Card,Completed,POS-v2
ORD-715582,2,2026-07-26 19:19:48,1,1053,199,1,11.44,0.0,Credit Card,Completed,POS-v2
ORD-715883,1,2026-07-28 15:08:16,10,962,92,2,116.18,0.0,Cash,Completed,POS-v2
ORD-715894,1,2026-07-28 19:27:42,2,948,109,1,91.47,0.0,Cash,Completed,POS-v2
ORD-715043,1,2026-07-24 15:49:05,17,976,26,1,24.96,0.0,Debit Card,Completed,POS-v2
ORD-715028,2,2026-07-24 19:06:36,15,965,113,1,9.01,0.45,Debit Card,Completed,POS-v2
ORD-715054,1,2026-07-24 17:16:03,17,539,19,1,16.07,0.0,Debit Card,Completed,POS-v2
ORD-715981,1,07/28/2026 19:13,9,756,32,1,63.67,0.0,Debit Card,Completed,POS-v2
ORD-715433,1,2026-07-26 18:35:09,12,681,217,1,81.50,16.3,Mobile Pay,Returned,POS-v2
ORD-715952,2,2026-07-28 11:54:18,18,896,111,1,99.58,0.0,Mobile Pay,Cancelled,POS-v2
ORD-715744,2,2026-07-27 12:31:26,3,437,98,1,164.21,0.0,Gift Card,Completed,POS-v2
ORD-509396,2,2023-09-09 16:33:44,13,586,250,1,15.57,2.34,Debit Card,Returned,POS-v2
ORD-715420,4,2026-07-25 10:15:12,11,981,13,1,55.30,0.0,Debit Card,Completed,POS-v2
ORD-714779,2,2026-07-22 12:39:32,17,326,116,1,131.65,0.0,Mobile Pay,Completed,POS-v2
ORD-715196,1,2026-07-25 18:25:57,4,1134,45,1,11.11,0.0,Credit Card,Returned,POS-v2
ORD-715481,1,2026-07-26 15:59:28,7,634,137,1,46.27,9.25,Gift Card,Completed,POS-v2
ORD-715038,1,2026-07-24 11:10:23,4,1119,210,1,44.71,4.47,Credit Card,Completed,POS-v2
ORD-715283,1,2026-07-25 17:19:18,9,348,19,1,16.07,1.61,Credit Card,Completed,POS-v2
ORD-714797,4,2026-07-23 09:57:56,12,99,225,1,69.71,0.0,Debit Card,Cancelled,POS-v2
ORD-715690,1,2026-07-27 13:17:58,14,154,173,2,2.96,0.59,Debit Card,Completed,POS-v2
ORD-715528,1,2026-07-26 21:42:11,11,141,43,1,6.76,0.0,Mobile Pay,Completed,POS-v2
ORD-715621,1,2026-07-26 09:33:06,11,1198,26,1,24.96,0.0,Gift Card,Completed,POS-v2
ORD-715085,1,2026-07-24 17:28:15,15,548,100,3,70.39,0.0,Credit Card,Completed,POS-v2
ORD-714797,2,2026-07-23 09:57:56,12,99,114,1,51.47,10.29,Debit Card,Returned,POS-v2
ORD-715245,1,2026-07-25 11:45:45,7,985,21,2,551.96,0.0,Debit Card,Completed,POS-v2
ORD-714994,1,2026-07-24 17:07:25,15,,176,3,305.12,0.0,Mobile Pay,Completed,POS-v2
ORD-715546,1,2026-07-26 16:43:23,8,1110,234,1,129.98,13.0,Debit Card,Completed,POS-v2
ORD-715999,1,2026-07-28 18:27:56,6,,41,1,15.59,3.12,Debit Card,Completed,POS-v2
ORD-714903,2,2026-07-23 09:18:58,9,497,190,2,212.33,0.0,Debit Card,Completed,POS-v2
ORD-714617,1,2026-07-22 20:06:40,19,736,91,1,299.59,59.92,Mobile Pay,Completed,POS-v2
ORD-715184,1,2026-07-25 21:42:05,16,636,234,2,129.98,0.0,Debit Card,Completed,POS-v2
ORD-715982,1,2026-07-28 19:36:10,2,805,228,3,27.53,0.0,Credit Card,Completed,POS-v2
ORD-715421,1,2026-07-25 12:42:34,1,1071,247,1,88.74,0.0,Gift Card,Completed,POS-v2
ORD-566913,1,2024-07-20 13:57:36,2,348,59,1,2.47,0.12,Cash,Returned,POS-v2
ORD-714943,1,2026-07-23 20:39:57,5,498,195,1,610.56,0.0,Gift Card,Completed,POS-v2
ORD-715710,2,2026-07-27 16:33:59,13,407,215,3,95.16,0.0,Cash,Completed,POS-v2
ORD-715709,1,2026-07-27 18:27:44,8,237,97,1,49.27,4.93,Mobile Pay,Completed,POS-v2
ORD-714844,1,2026-07-23 18:12:21,19,184,229,1,23.72,1.19,Credit Card,Completed,POS-v2
ORD-715248,1,2026-07-25 16:21:46,5,701,193,5,50.27,0.0,Mobile Pay,Completed,POS-v2
ORD-715337,1,2026-07-25 15:28:03,6,1071,127,1,56.77,8.52,Mobile Pay,Completed,POS-v2
ORD-715868,2,2026-07-28 15:28:47,5,287,220,2,100.61,0.0,Mobile Pay,Completed,POS-v2
ORD-511723,1,2023-09-23 19:17:14,15,602,128,1,72.85,0.0,Mobile Pay,Returned,POS-v2
ORD-714897,1,2026-07-23 13:59:14,20,393,177,1,35.36,0.0,Cash,Returned,POS-v2
ORD-715597,1,2026-07-26 19:41:18,16,1176,187,1,111.55,0.0,Cash,Completed,POS-v2
ORD-715674,1,2026-07-27 15:58:08,5,741,123,1,23.83,0.0,Credit Card,Completed,POS-v2
ORD-644458,1,2025-08-23 13:44:41,21,276,116,3,131.65,0.0,Credit Card,Returned,WEB
ORD-572845,1,2024-08-22 15:32:24,21,1185,165,1,59.42,0.0,Mobile Pay,Returned,WEB
ORD-715822,1,2026-07-27 21:19:03,6,1184,110,1,25.73,2.57,Mobile Pay,Completed,POS-v2
ORD-714753,1,2026-07-22 20:20:41,19,659,56,2,21.79,0.0,Mobile Pay,Completed,POS-v2
ORD-715987,2,2026-07-28 19:15:09,6,1176,192,1,172.13,0.0,Cash,Completed,POS-v2
ORD-715357,3,2026-07-25 13:04:00,17,828,75,1,101.78,20.36,Mobile Pay,Cancelled,POS-v2
ORD-715381,1,2026-07-25 09:05:58,18,915,132,1,29.88,0.0,Gift Card,Completed,POS-v2
ORD-714927,2,2026-07-23 12:19:07,12,236,205,3,36.36,0.0,Debit Card,Cancelled,POS-v2
ORD-714911,2,2026-07-23 14:33:56,2,939,249,1,11.47,0.0,Gift Card,Completed,POS-v2
ORD-575568,1,09/06/2024 17:15,1,884,142,2,140.07,0.0,Credit Card,Returned,POS-v2
ORD-714719,4,07/22/2026 10:30,6,238,28,2,204.69,0.0,Gift Card,CANCELLED,POS-v2
ORD-714622,1,2026-07-22 11:24:27,10,212,108,1,152.24,0.0,Cash,Completed,POS-v2
ORD-715169,1,2026-07-25 21:56:43,11,117,238,1,111.07,0.0,Debit Card,COMPLETED,POS-v2
ORD-715016,3,2026-07-24 09:53:10,1,301,129,1,24.64,1.23,Mobile Pay,Completed,POS-v2
ORD-715371,1,2026-07-25 13:33:58,18,,99,1,65.31,0.0,Gift Card,Completed,POS-v2
ORD-715114,1,2026-07-24 16:40:36,2,467,26,1,24.96,0.0,Mobile Pay,Completed,POS-v2
ORD-715081,1,2026-07-24 13:22:07,2,719,242,1,16.09,0.0,Mobile Pay,Completed,POS-v2
ORD-659399,1,2025-11-06 15:34:46,20,1122,240,2,14.88,4.46,Credit Card,Returned,POS-v2
ORD-714663,2,2026-07-22 09:15:57,13,683,193,1,50.27,0.0,Mobile Pay,Completed,POS-v2
ORD-715985,4,2026-07-28 16:34:57,13,437,57,2,67.39,0.0,Mobile Pay,Completed,POS-v2
ORD-714987,1,2026-07-24 20:37:57,15,585,37,5,16.94,0.0,Gift Card,Completed,POS-v2
ORD-715366,2,2026-07-25 14:31:45,11,834,23,1,5.78,0.0,Debit Card,Completed,POS-v2
ORD-715269,1,2026-07-25 20:30:01,19,414,203,1,53.83,0.0,Credit Card,Completed,POS-v2
ORD-715658,1,2026-07-26 08:18:20,13,,179,1,799.36,39.97,Cash,Completed,POS-v2
ORD-715694,2,2026-07-27 20:14:56,9,1135,162,1,4.77,0.0,Gift Card,Completed,POS-v2
ORD-715251,2,2026-07-25 10:43:28,20,930,90,1,125.43,0.0,Debit Card,Completed,POS-v2
ORD-716025,1,2026-07-28 18:24:38,3,909,53,1,488.62,0.0,Gift Card,COMPLETED,POS-v2
ORD-715657,1,2026-07-26 15:08:52,12,430,25,2,12.30,0.0,Cash,Completed,POS-v2
ORD-715867,3,2026-07-28 08:42:14,12,321,9,1,10.43,0.0,Credit Card,Completed,POS-v2
ORD-715168,3,2026-07-25 18:25:17,16,,194,1,131.67,0.0,Gift Card,Completed,POS-v2
ORD-714745,1,2026-07-22 15:50:36,4,664,86,1,2.14,0.21,Mobile Pay,Completed,POS-v2
ORD-715579,1,2026-07-26 20:48:39,4,877,71,1,11.90,1.19,Gift Card,Completed,POS-v2
ORD-714927,1,2026-07-23 12:19:07,12,236,220,1,100.61,0.0,Credit Card,Completed,POS-v2
ORD-714939,1,2026-07-23 09:29:11,21,110,100,1,70.39,0.0,Credit Card,Completed,WEB
ORD-715645,1,2026-07-26 11:01:12,4,861,124,1,60.39,3.02,Cash,Completed,POS-v2
ORD-715367,1,2026-07-25 16:06:56,17,257,161,1,426.31,0.0,Gift Card,Returned,POS-v2
ORD-714976,2,2026-07-24 11:24:25,6,,39,1,47.04,0.0,Mobile Pay,Completed,POS-v2
ORD-715533,1,2026-07-26 13:31:21,12,,13,1,55.30,0.0,Gift Card,Completed,POS-v2
ORD-715418,1,2026-07-25 16:25:54,12,382,238,1,$111.07,0.0,Gift Card,Cancelled,POS-v2
ORD-715380,1,2026-07-25 13:32:02,19,,221,1,17.16,0.0,Cash,Completed,POS-v2
ORD-715474,4,2026-07-26 17:02:05,15,367,213,1,429.01,21.45,Mobile Pay,Completed,POS-v2
ORD-715559,1,2026-07-26 12:13:53,6,759,84,1,50.83,5.08,Cash,Completed,POS-v2
ORD-715978,1,2026-07-28 15:20:16,13,766,90,2,125.43,0.0,Cash,Completed,POS-v2
ORD-715214,1,2026-07-25 14:27:53,15,1098,150,1,105.01,0.0,Debit Card,Completed,POS-v2
ORD-715474,1,2026-07-26 17:02:05,15,367,172,1,136.55,20.48,Credit Card,COMPLETED,POS-v2
ORD-715912,1,2026-07-28 14:28:05,4,1108,136,-2,55.76,0.0,Credit Card,Completed,POS-v2
ORD-714924,1,2026-07-23 20:19:34,15,320,235,1,129.37,0.0,Mobile Pay,Completed,POS-v2
ORD-715852,1,2026-07-28 14:40:18,3,499,221,1,17.16,0.0,Gift Card,Returned,POS-v2
ORD-714664,2,2026-07-22 14:59:18,10,,97,2,49.27,0.0,Cash,COMPLETED,POS-v2
ORD-715466,1,2026-07-26 15:03:41,2,1094,227,2,134.16,0.0,Mobile Pay,Cancelled,POS-v2
ORD-715527,1,2026-07-26 14:33:32,16,963,34,1,8.35,0.0,Gift Card,Completed,POS-v2
ORD-715146,1,2026-07-24 16:22:46,6,359,47,1,481.76,48.18,Debit Card,Completed,POS-v2
ORD-715060,2,2026-07-24 18:10:26,11,95,165,1,59.42,0.0,Mobile Pay,Completed,POS-v2
ORD-714775,1,2026-07-22 19:58:31,6,308,154,1,41.08,0.0,Debit Card,Cancelled,POS-v2
ORD-714877,2,2026-07-23 19:19:22,10,786,153,1,1127.10,0.0,Mobile Pay,Completed,POS-v2
ORD-715839,3,2026-07-27 08:22:51,19,305,160,1,1082.37,0.0,Credit Card,Completed,POS-v2
ORD-715357,1,2026-07-25 13:04:00,17,828,131,5,128.39,0.0,Gift Card,Cancelled,POS-v2
ORD-715170,1,2026-07-25 13:31:49,18,,53,3,488.62,0.0,Debit Card,Completed,POS-v2
ORD-715620,1,2026-07-26 14:07:34,11,476,87,1,3.41,0.51,Gift Card,Completed,POS-v2
ORD-715390,2,2026-07-25 08:32:02,15,529,22,1,150.38,0.0,Debit Card,Completed,POS-v2
ORD-715519,1,2026-07-26 19:46:54,19,1036,55,3,631.41,0.0,Mobile Pay,Completed,POS-v2
ORD-715924,2,2026-07-28 17:11:12,16,573,73,1,156.03,31.21,Cash,Completed,POS-v2
ORD-714977,1,2026-07-24 08:36:07,2,473,154,1,41.08,8.22,Credit Card,Completed,POS-v2
ORD-715531,4,2026-07-26 18:00:43,9,71,18,2,97.64,0.0,Cash,Completed,POS-v2
ORD-714986,1,2026-07-24 20:31:43,16,1166,100,2,70.39,28.16,Mobile Pay,Completed,POS-v2
ORD-714855,1,2026-07-23 10:44:00,13,439,6,1,144.10,14.41,Debit Card,Completed,POS-v2
ORD-715535,2,2026-07-26 11:54:03,18,702,180,2,84.76,0.0,Credit Card,Completed,POS-v2
ORD-715975,2,2026-07-28 17:32:38,15,425,85,1,824.56,164.91,Gift Card,Completed,POS-v2
ORD-715564,1,2026-07-26 16:21:02,4,448,240,1,14.88,0.0,Gift Card,Returned,POS-v2
ORD-715708,3,2026-07-27 15:47:11,13,54,226,2,300.23,0.0,Debit Card,Completed,POS-v2
ORD-606534,3,2025-01-31 16:23:19,14,,129,2,24.64,0.0,Mobile Pay,Returned,POS-v2
ORD-715471,1,2026-07-26 20:44:10,15,,144,1,45.16,2.26,Debit Card,Completed,POS-v2
ORD-715772,2,2026-07-27 19:21:56,4,224,186,1,437.54,0.0,Credit Card,Completed,POS-v2
ORD-715480,1,2026-07-26 09:41:09,20,344,233,1,50.90,0.0,Debit Card,Returned,POS-v2
ORD-715387,1,2026-07-25 21:35:08,16,635,6,1,144.10,21.61,Cash,Cancelled,POS-v2
ORD-715037,1,2026-07-24 17:57:59,3,879,243,1,57.56,2.88,Gift Card,COMPLETED,POS-v2
ORD-715357,1,2026-07-25 13:04:00,17,828,131,5,128.39,0.0,Gift Card,Cancelled,POS-v2
ORD-715574,2,2026-07-26 14:14:19,21,79,111,1,99.58,0.0,Debit Card,Completed,WEB
ORD-714695,1,2026-07-22 21:53:15,3,452,172,1,136.55,0.0,Mobile Pay,Completed,POS-v2
ORD-714926,1,2026-07-23 16:45:20,15,1025,89,1,293.17,0.0,Cash,Completed,POS-v2
ORD-716029,1,2026-07-28 20:59:46,16,47,131,2,128.39,0.0,Debit Card,Cancelled,POS-v2
ORD-716040,1,2026-07-28 18:06:16,11,179,64,1,127.10,0.0,Cash,COMPLETED,POS-v2
ORD-715939,1,07/28/2026 14:58,20,1154,182,1,195.25,0.0,Debit Card,Completed,POS-v2
ORD-715078,2,2026-07-24 14:39:22,13,848,98,2,164.21,49.26,Debit Card,Completed,POS-v2
ORD-714954,1,2026-07-23 12:12:11,9,928,147,2,60.30,24.12,Cash,Completed,POS-v2
ORD-715829,2,2026-07-27 16:06:58,12,434,181,2,170.57,0.0,Cash,Completed,POS-v2
ORD-714956,3,2026-07-23 19:20:27,17,192,205,3,36.36,0.0,Credit Card,Completed,POS-v2
ORD-714941,2,2026-07-23 15:52:32,17,1149,192,1,172.13,8.61,Credit Card,Completed,POS-v2
ORD-715275,3,2026-07-25 18:47:23,16,109,175,1,14.65,0.73,Gift Card,Completed,POS-v2
ORD-714824,1,2026-07-23 18:43:13,3,921,76,2,474.35,0.0,Mobile Pay,Cancelled,POS-v2
ORD-714728,1,2026-07-22 19:12:18,15,782,102,1,428.38,0.0,Credit Card,Completed,POS-v2
ORD-714894,1,2026-07-23 08:16:52,1,996,186,1,$437.54,0.0,Gift Card,Completed,POS-v2
ORD-715116,1,2026-07-24 19:32:44,12,486,59,1,2.47,0.0,Cash,Completed,POS-v2
ORD-714730,2,2026-07-22 13:30:08,1,423,70,1,237.97,0.0,Mobile Pay,Completed,POS-v2
ORD-715243,1,2026-07-25 15:45:50,6,302,106,1,1186.50,59.33,Cash,Completed,POS-v2
ORD-715051,1,2026-07-24 14:31:46,19,543,78,1,673.47,134.69,Mobile Pay,Completed,POS-v2
ORD-715861,2,2026-07-28 14:17:46,2,1176,21,1,551.96,0.0,Debit Card,Completed,POS-v2
ORD-715522,1,2026-07-26 19:45:23,4,817,71,1,11.90,0.0,Credit Card,Cancelled,POS-v2
ORD-715110,1,2026-07-24 14:36:04,4,373,161,1,426.31,0.0,Cash,Completed,POS-v2
ORD-715590,1,2026-07-26 15:14:46,14,379,48,1,32.92,0.0,Credit Card,Completed,POS-v2
ORD-715017,3,2026-07-24 15:37:33,17,147,11,1,338.28,0.0,Mobile Pay,Completed,POS-v2
ORD-715878,2,2026-07-28 18:56:47,11,743,132,2,29.88,0.0,Credit Card,Completed,POS-v2
ORD-652226,1,2025-10-02 17:56:13,16,803,34,2,8.35,0.0,Credit Card,Returned,POS-v2
ORD-715517,1,2026-07-26 16:53:28,2,953,105,1,46.98,9.4,Credit Card,Completed,POS-v2
ORD-637861,1,2025-07-20 17:53:00,7,24,172,1,136.55,0.0,Cash,Returned,POS-v2
ORD-714700,3,2026-07-22 12:02:35,11,875,187,2,111.55,0.0,Credit Card,Completed,POS-v2
ORD-715882,2,2026-07-28 18:26:21,1,651,12,1,20.16,0.0,Debit Card,Completed,POS-v2
ORD-715903,1,2026-07-28 19:16:31,12,,39,1,47.04,0.0,Debit Card,Cancelled,POS-v2
ORD-715126,1,2026-07-24 14:09:06,1,323,9,1,10.43,0.0,Mobile Pay,Completed,POS-v2
ORD-715906,1,2026-07-28 16:50:29,18,,87,5,3.41,1.71,Gift Card,Completed,POS-v2
ORD-502466,1,2023-07-29 12:01:39,2,116,2,1,328.81,0.0,Debit Card,Returned,POS-v2
ORD-714650,2,2026-07-22 14:01:37,4,1092,11,1,338.28,0.0,Gift Card,Returned,POS-v2
ORD-715004,1,2026-07-24 16:44:33,6,,120,2,91.88,0.0,Gift Card,Completed,POS-v2
ORD-715027,1,2026-07-24 09:27:51,2,537,133,1,602.18,0.0,Debit Card,Completed,POS-v2
ORD-715332,2,2026-07-25 12:07:56,9,846,186,3,437.54,0.0,Gift Card,Returned,POS-v2
ORD-714965,1,2026-07-24 12:36:36,15,1003,160,5,1082.37,0.0,Gift Card,Completed,POS-v2
ORD-714734,1,2026-07-22 19:34:12,20,64,187,1,111.55,0.0,Mobile Pay,Returned,POS-v2
ORD-715800,1,2026-07-27 20:17:11,1,845,35,1,11.26,0.0,Credit Card,Completed,POS-v2
ORD-715562,1,2026-07-26 20:23:01,1,6,215,1,95.16,0.0,Debit Card,Completed,POS-v2
ORD-714766,1,2026-07-22 10:55:40,14,,75,1,101.78,5.09,Cash,Completed,POS-v2
ORD-715683,3,2026-07-27 12:14:00,4,190,40,1,364.97,0.0,Credit Card,Completed,POS-v2
ORD-715646,1,2026-07-26 16:36:31,6,561,210,1,44.71,0.0,Cash,Completed,POS-v2
ORD-715816,1,2026-07-27 20:08:14,14,627,190,1,212.33,0.0,Credit Card,Completed,POS-v2
ORD-715486,1,2026-07-26 12:02:43,13,979,22,2,150.38,0.0,Gift Card,Completed,POS-v2
ORD-714811,2,07/23/2026 16:05,20,,53,2,488.62,0.0,Credit Card,Returned,POS-v2
ORD-715919,2,2026-07-28 12:50:42,8,1021,13,1,55.30,0.0,Cash,Completed,POS-v2
ORD-715889,3,2026-07-28 19:40:58,11,486,45,3,11.11,0.0,Debit Card,Cancelled,POS-v2
ORD-715450,1,2026-07-26 08:15:52,13,,215,1,95.16,0.0,Gift Card,Completed,POS-v2
ORD-715392,2,2026-07-25 18:23:22,11,207,84,1,50.83,0.0,Cash,Completed,POS-v2
ORD-714783,1,2026-07-23 13:50:17,8,987,78,2,673.47,0.0,Credit Card,Cancelled,POS-v2
ORD-715629,1,2026-07-26 18:17:51,14,251,127,1,56.77,0.0,Cash,Completed,POS-v2
ORD-715076,1,2026-07-24 17:39:04,18,520,130,2,24.61,2.46,Gift Card,Completed,POS-v2
ORD-715282,2,2026-07-25 16:09:17,12,47,97,1,49.27,9.85,Credit Card,COMPLETED,POS-v2
ORD-715456,3,2026-07-26 15:40:01,3,71,220,1,100.61,0.0,Credit Card,Completed,POS-v2
ORD-714645,1,2026-07-22 12:02:53,14,1147,207,3,70.84,42.5,Debit Card,Completed,POS-v2
ORD-714807,1,2026-07-23 08:59:02,18,973,90,1,125.43,0.0,Gift Card,Completed,POS-v2
ORD-714946,1,2026-07-23 19:33:37,1,184,160,2,1082.37,0.0,Gift Card,COMPLETED,POS-v2
ORD-714749,2,2026-07-22 13:02:59,9,896,135,2,9.65,0.0,Credit Card,Cancelled,POS-v2
ORD-715739,1,2026-07-27 09:51:54,2,334,212,1,40.54,0.0,Debit Card,Completed,POS-v2
ORD-715469,1,2026-07-26 11:43:52,2,864,249,1,11.47,0.0,Debit Card,Returned,POS-v2
ORD-715597,3,2026-07-26 19:41:18,16,1176,46,1,19.79,0.0,Credit Card,Completed,POS-v2
ORD-715168,2,2026-07-25 18:25:17,16,,142,2,140.07,0.0,Mobile Pay,Completed,POS-v2
ORD-715266,1,2026-07-25 19:26:53,19,826,89,1,293.17,0.0,Cash,Completed,POS-v2
ORD-715102,2,2026-07-24 09:42:50,5,,34,1,8.35,0.0,Debit Card,COMPLETED,POS-v2
ORD-715840,1,2026-07-27 16:53:57,4,849,127,1,56.77,0.0,Gift Card,COMPLETED,POS-v2
ORD-715252,1,2026-07-25 16:59:49,12,545,97,1,49.27,0.0,Debit Card,Completed,POS-v2
ORD-715067,1,2026-07-24 13:55:06,13,1054,249,2,11.47,0.0,Debit Card,Completed,POS-v2
ORD-715345,1,2026-07-25 13:37:35,5,414,176,5,305.12,0.0,Cash,Completed,POS-v2
ORD-715447,1,2026-07-26 14:44:12,6,1011,84,1,50.83,2.54,Debit Card,Completed,POS-v2
ORD-715936,2,2026-07-28 16:59:14,4,,125,1,16.05,0.8,Cash,Completed,POS-v2
ORD-715967,3,2026-07-28 15:30:29,12,41,52,1,244.00,0.0,Credit Card,Completed,POS-v2
ORD-714861,2,2026-07-23 21:16:18,4,215,154,1,41.08,0.0,Debit Card,Completed,POS-v2
ORD-715731,1,2026-07-27 18:10:47,19,,96,1,66.59,0.0,Gift Card,Completed,POS-v2
ORD-714997,1,2026-07-24 19:37:52,16,591,111,2,99.58,0.0,Credit Card,COMPLETED,POS-v2
ORD-714771,2,2026-07-22 13:57:41,1,195,246,1,113.08,0.0,Debit Card,Returned,POS-v2
ORD-715880,1,2026-07-28 12:15:57,8,806,14,1,81.28,8.13,Credit Card,Completed,POS-v2
ORD-715403,1,2026-07-25 17:22:28,13,783,23,1,5.78,0.0,Gift Card,Returned,POS-v2
ORD-714859,1,2026-07-23 18:52:05,9,,174,1,47.32,0.0,Credit Card,Returned,POS-v2
ORD-715967,1,2026-07-28 15:30:29,12,41,12,1,20.16,0.0,Credit Card,COMPLETED,POS-v2
ORD-715673,1,2026-07-27 16:15:02,18,686,55,1,631.41,0.0,Credit Card,Completed,POS-v2
ORD-714838,3,2026-07-23 13:29:11,17,805,79,2,203.27,0.0,Debit Card,Completed,POS-v2
ORD-714796,1,2026-07-23 18:54:41,1,975,131,1,128.39,0.0,Cash,Completed,POS-v2
ORD-643875,2,2025-08-20 11:12:28,4,1006,31,1,69.04,0.0,Credit Card,Returned,POS-v2
ORD-715988,1,2026-07-28 19:05:11,11,211,233,5,50.90,0.0,Credit Card,Completed,POS-v2
ORD-596012,4,2024-12-09 11:40:39,6,768,17,1,115.98,5.8,Cash,Returned,POS-v2
ORD-715993,2,2026-07-28 12:27:15,1,255,127,1,56.77,0.0,Debit Card,Completed,POS-v2
ORD-715942,1,2026-07-28 19:07:34,16,,215,1,95.16,9.52,Debit Card,Cancelled,POS-v2
ORD-715976,1,2026-07-28 21:38:05,18,1071,9,1,10.43,0.0,Cash,Cancelled,POS-v2
ORD-715414,1,2026-07-25 13:28:45,14,1173,233,1,50.90,0.0,Gift Card,Completed,POS-v2
ORD-715940,2,2026-07-28 19:59:45,13,652,61,1,47.01,0.0,Credit Card,Completed,POS-v2
ORD-715411,2,2026-07-25 16:35:18,18,,129,1,24.64,0.0,Credit Card,Completed,POS-v2
ORD-715432,1,2026-07-26 10:31:28,20,905,225,1,69.71,0.0,Debit Card,Completed,POS-v2
ORD-714878,1,2026-07-23 14:32:24,4,618,42,1,77.88,0.0,Cash,Completed,POS-v2
ORD-715535,1,2026-07-26 11:54:03,18,702,140,1,94.75,0.0,Gift Card,Completed,POS-v2
ORD-715566,2,2026-07-26 18:16:38,15,365,91,1,299.59,0.0,Mobile Pay,Completed,POS-v2
ORD-716047,1,2026-07-28 11:06:27,9,971,19,1,16.07,0.0,Cash,Completed,POS-v2
ORD-715722,1,2026-07-27 19:52:38,6,158,191,1,85.90,0.0,Gift Card,Returned,POS-v2
ORD-715983,1,2026-07-28 10:41:38,21,,74,1,50.24,7.54,Credit Card,Completed,WEB
ORD-715705,2,2026-07-27 12:12:15,7,289,51,1,7.15,0.0,Debit Card,Completed,POS-v2
ORD-715327,1,2026-07-25 10:07:53,19,1002,131,1,128.39,0.0,Mobile Pay,Completed,POS-v2
ORD-715363,1,2026-07-25 20:40:26,1,584,37,1,16.94,0.0,Credit Card,Completed,POS-v2
ORD-715688,2,2026-07-27 16:58:46,17,,166,1,4.90,0.0,Credit Card,Completed,POS-v2
ORD-714975,1,2026-07-24 11:30:13,4,1040,94,1,376.00,18.8,Mobile Pay,Returned,POS-v2
ORD-715689,1,2026-07-27 12:25:18,4,631,76,1,474.35,0.0,Credit Card,Completed,POS-v2
ORD-715762,2,2026-07-27 14:27:18,5,,224,1,180.57,0.0,Credit Card,Completed,POS-v2
ORD-715628,1,2026-07-26 21:07:06,9,496,156,1,385.29,77.06,Credit Card,COMPLETED,POS-v2
ORD-714781,1,2026-07-23 21:11:05,2,1139,1,1,855.84,0.0,Cash,Completed,POS-v2
ORD-715169,3,2026-07-25 21:56:43,11,117,109,2,91.47,0.0,Credit Card,COMPLETED,POS-v2
ORD-715815,2,2026-07-27 16:31:08,9,832,105,2,46.98,0.0,Debit Card,Completed,POS-v2
ORD-714733,3,2026-07-22 17:16:22,15,,118,1,345.48,0.0,Credit Card,Completed,POS-v2
ORD-715373,1,2026-07-25 19:54:13,7,685,69,1,392.90,0.0,Cash,COMPLETED,POS-v2
ORD-715529,1,2026-07-26 17:31:15,5,957,103,1,37.96,0.0,Mobile Pay,Completed,POS-v2
ORD-716042,1,2026-07-28 15:14:38,7,529,204,1,274.55,0.0,Cash,Completed,POS-v2
ORD-715938,1,2026-07-28 17:18:45,9,441,226,2,300.23,0.0,Cash,Completed,POS-v2
ORD-714630,1,2026-07-22 13:05:55,11,1074,177,1,35.36,0.0,Cash,Completed,POS-v2
ORD-715966,2,2026-07-28 19:01:46,14,440,213,1,429.01,21.45,Mobile Pay,Completed,POS-v2
ORD-714982,2,2026-07-24 15:44:31,13,198,132,1,29.88,4.48,Credit Card,Completed,POS-v2
ORD-715648,1,2026-07-26 18:30:49,20,67,218,1,28.28,0.0,Mobile Pay,Completed,POS-v2
ORD-714884,1,2026-07-23 16:13:22,2,203,107,1,108.85,0.0,Gift Card,Returned,POS-v2
ORD-714875,1,2026-07-23 16:14:54,21,,192,1,172.13,8.61,Cash,Completed,WEB
ORD-714828,1,2026-07-23 15:45:03,7,1163,22,2,150.38,0.0,Mobile Pay,Completed,POS-v2
ORD-715390,1,2026-07-25 08:32:02,15,529,73,3,156.03,0.0,Debit Card,Completed,POS-v2
ORD-716050,3,2026-07-28 09:01:09,10,1127,145,1,20.64,0.0,Debit Card,Completed,POS-v2
ORD-580380,1,2024-10-03 14:50:52,9,41,168,1,7.91,0.0,Mobile Pay,Returned,POS-v2
ORD-715824,1,2026-07-27 16:28:59,1,582,171,1,63.56,12.71,Gift Card,Completed,POS-v2
ORD-714649,1,2026-07-22 17:52:47,7,5,67,1,16.30,3.26,Mobile Pay,Cancelled,POS-v2
ORD-506019,2,2023-08-20 13:16:32,11,505,228,1,27.53,4.13,Debit Card,Returned,POS-v2
ORD-714659,1,2026-07-22 16:07:46,1,1071,111,1,99.58,0.0,Gift Card,Returned,POS-v2
ORD-715375,2,2026-07-25 18:37:12,7,1031,231,2,161.90,0.0,Credit Card,Returned,POS-v2
ORD-715317,1,2026-07-25 13:18:31,6,1117,173,1,2.96,0.0,Gift Card,Completed,POS-v2
ORD-714707,1,2026-07-22 13:37:16,14,997,154,1,41.08,0.0,Debit Card,Completed,POS-v2
ORD-715935,1,2026-07-28 20:32:39,6,239,225,1,69.71,0.0,Credit Card,Cancelled,POS-v2
ORD-716035,1,2026-07-28 20:58:56,6,111,38,1,15.39,0.0,Gift Card,Completed,POS-v2
ORD-715257,1,2026-07-25 16:32:39,7,,31,1,69.04,0.0,Gift Card,Completed,POS-v2
ORD-715717,1,2026-07-27 17:45:17,1,848,73,1,156.03,0.0,Mobile Pay,Completed,POS-v2
ORD-714906,1,2026-07-23 08:56:38,18,1182,169,1,24.37,0.0,Debit Card,Completed,POS-v2
ORD-510203,1,2023-09-14 15:44:30,5,1066,169,1,24.37,1.22,Credit Card,Returned,POS-v2
ORD-714747,1,2026-07-22 14:34:22,21,1182,33,1,92.00,0.0,Credit Card,Completed,WEB
ORD-714738,1,2026-07-22 11:01:54,6,469,57,1,67.39,0.0,Credit Card,Returned,POS-v2
ORD-715837,1,2026-07-27 16:09:24,3,1078,155,1,19.51,0.0,Mobile Pay,Completed,POS-v2
ORD-714652,1,2026-07-22 09:19:41,18,935,82,1,597.41,0.0,Mobile Pay,Completed,POS-v2
ORD-714867,3,2026-07-23 17:30:01,19,,24,2,1052.95,0.0,Gift Card,Completed,POS-v2
ORD-715131,1,2026-07-24 16:42:25,4,484,154,1,41.08,0.0,Gift Card,Cancelled,POS-v2
ORD-715239,1,2026-07-25 10:24:54,8,505,53,1,488.62,0.0,Gift Card,Completed,POS-v2
ORD-715493,1,2026-07-26 12:00:01,15,,9,3,10.43,4.69,Mobile Pay,Completed,POS-v2
ORD-715805,3,2026-07-27 20:12:33,21,,47,1,481.76,0.0,Debit Card,Completed,WEB
ORD-715254,1,2026-07-25 14:56:54,1,118,54,2,22.37,0.0,Credit Card,Completed,POS-v2
ORD-715577,2,2026-07-26 16:57:30,6,301,53,1,488.62,0.0,Credit Card,Completed,POS-v2
ORD-714706,1,2026-07-22 13:18:58,19,1171,169,1,24.37,0.0,Gift Card,Returned,POS-v2
ORD-514312,1,2023-10-08 15:50:17,10,,235,1,129.37,12.94,Cash,Returned,POS-v2
ORD-715392,1,2026-07-25 18:23:22,11,207,42,2,77.88,0.0,Gift Card,Completed,POS-v2
ORD-715370,2,2026-07-25 20:08:15,20,106,64,1,127.10,0.0,Mobile Pay,Completed,POS-v2
ORD-715483,1,2026-07-26 14:23:22,15,885,53,1,488.62,48.86,Cash,Completed,POS-v2
ORD-715908,1,2026-07-28 14:43:27,15,880,114,3,51.47,30.88,Credit Card,Completed,POS-v2
ORD-714960,2,2026-07-24 12:32:08,6,629,79,1,203.27,0.0,Debit Card,Cancelled,POS-v2
ORD-715324,4,2026-07-25 15:26:12,5,1030,184,1,83.24,0.0,Mobile Pay,Completed,POS-v2
ORD-715561,4,2026-07-26 09:07:50,7,,77,1,361.16,0.0,Debit Card,Completed,POS-v2
ORD-715414,2,2026-07-25 13:28:45,14,1173,208,2,74.89,0.0,Mobile Pay,Completed,POS-v2
ORD-715633,1,2026-07-26 09:31:26,12,943,222,1,528.97,0.0,Debit Card,Completed,POS-v2
ORD-715119,2,2026-07-24 15:29:35,8,730,177,1,35.36,5.3,Mobile Pay,Completed,POS-v2
ORD-714953,1,2026-07-23 14:43:20,16,1143,200,3,42.31,0.0,Mobile Pay,Completed,POS-v2
ORD-715094,1,2026-07-24 13:00:19,12,484,149,2,134.15,40.24,Credit Card,Cancelled,POS-v2
ORD-715651,2,2026-07-26 13:18:02,19,984,111,1,99.58,0.0,Mobile Pay,Completed,POS-v2
ORD-715089,1,2026-07-24 13:35:19,21,,176,1,305.12,0.0,Credit Card,Completed,WEB
ORD-715394,4,2026-07-25 14:48:47,12,75,203,1,53.83,0.0,Cash,Completed,POS-v2
ORD-715580,1,2026-07-26 09:16:25,1,,37,1,16.94,0.0,Gift Card,COMPLETED,POS-v2
ORD-715917,1,2026-07-28 16:13:57,15,299,60,1,206.81,0.0,Cash,Completed,POS-v2
ORD-715764,1,2026-07-27 14:57:24,18,811,10,1,29.56,0.0,Mobile Pay,Completed,POS-v2
ORD-715724,1,2026-07-27 14:47:12,13,130,94,1,376.00,56.4,Credit Card,Completed,POS-v2
ORD-715401,1,2026-07-25 13:51:55,17,234,202,1,561.01,0.0,Debit Card,Returned,POS-v2
ORD-715182,1,2026-07-25 14:29:36,16,918,121,1,6.80,0.0,Debit Card,Completed,POS-v2
ORD-715430,1,2026-07-26 13:23:07,17,425,54,3,22.37,0.0,Mobile Pay,Returned,POS-v2
ORD-610867,1,2025-02-27 15:09:29,14,568,96,2,66.59,0.0,Mobile Pay,Returned,POS-v2
ORD-715720,1,2026-07-27 09:48:49,6,758,211,1,34.56,0.0,Credit Card,Completed,POS-v2
ORD-714670,2,2026-07-22 18:52:16,21,1126,27,1,125.91,25.18,Cash,Completed,WEB
ORD-714860,2,2026-07-23 12:39:18,7,893,222,1,528.97,26.45,Credit Card,Completed,POS-v2
ORD-714889,1,2026-07-23 19:22:44,10,456,21,1,551.96,0.0,Debit Card,Completed,POS-v2
ORD-714756,1,2026-07-22 11:16:15,18,394,169,1,24.37,0.0,Cash,Completed,POS-v2
ORD-715062,1,2026-07-24 12:51:53,6,1131,131,1,128.39,0.0,Mobile Pay,Completed,POS-v2
ORD-715349,2,2026-07-25 10:59:48,12,1141,175,3,14.65,4.4,Debit Card,Cancelled,POS-v2
ORD-714606,1,2026-07-22 21:02:59,9,,12,-3,20.16,0.0,Credit Card,Completed,POS-v2
ORD-715207,3,2026-07-25 13:13:49,20,498,106,1,1186.50,0.0,Mobile Pay,Completed,POS-v2
ORD-716014,1,2026-07-28 11:22:27,7,253,132,2,29.88,0.0,Debit Card,Completed,POS-v2
ORD-714680,2,2026-07-22 17:30:59,3,411,220,1,100.61,0.0,Gift Card,Completed,POS-v2
ORD-716026,1,2026-07-28 15:11:18,8,25,28,1,204.69,0.0,Credit Card,Completed,POS-v2
ORD-715170,2,2026-07-25 13:31:49,18,,12,1,20.16,0.0,Mobile Pay,Cancelled,POS-v2
ORD-715024,1,2026-07-24 20:24:38,3,1122,165,2,59.42,0.0,Debit Card,Completed,POS-v2
ORD-715289,1,2026-07-25 15:51:52,6,633,123,1,23.83,0.0,Debit Card,Completed,POS-v2
ORD-716038,3,2026-07-28 15:25:41,17,,208,2,74.89,0.0,Debit Card,Completed,POS-v2
ORD-714610,2,2026-07-22 09:57:44,18,1066,131,1,128.39,0.0,Mobile Pay,Completed,POS-v2
ORD-715972,1,2026-07-28 16:24:41,15,536,184,1,83.24,16.65,Cash,Cancelled,POS-v2
ORD-715806,1,2026-07-27 19:48:29,15,464,110,1,25.73,2.57,Gift Card,Completed,POS-v2
ORD-715841,2,2026-07-27 19:55:53,18,,80,1,25.49,3.82,Cash,Completed,POS-v2
ORD-694778,1,2026-04-16 15:49:09,15,203,187,3,111.55,0.0,Mobile Pay,Returned,POS-v2
ORD-715842,1,2026-07-27 17:54:06,9,,189,1,648.50,0.0,Debit Card,Returned,POS-v2
ORD-715148,1,2026-07-24 15:04:15,21,514,127,5,56.77,0.0,Cash,Completed,WEB
ORD-715092,1,2026-07-24 16:20:35,17,,168,1,7.91,1.58,Debit Card,Completed,POS-v2
ORD-715074,1,2026-07-24 12:24:30,14,212,123,1,23.83,0.0,Mobile Pay,Completed,POS-v2
ORD-715166,2,2026-07-25 20:24:38,2,314,49,3,13.16,0.0,Cash,Completed,POS-v2
ORD-714708,1,2026-07-22 15:36:49,19,,45,1,11.11,0.0,Gift Card,Completed,POS-v2
ORD-715136,1,2026-07-24 16:22:49,21,179,38,1,15.39,0.0,Cash,Completed,WEB
ORD-715593,2,2026-07-26 12:17:31,3,366,162,1,4.77,0.72,Mobile Pay,Completed,POS-v2
ORD-714659,2,2026-07-22 16:07:46,1,1071,171,2,63.56,0.0,Debit Card,COMPLETED,POS-v2
ORD-715989,1,2026-07-28 14:16:32,6,649,167,1,436.64,0.0,Gift Card,Cancelled,POS-v2
ORD-686370,1,2026-03-05 13:46:04,14,29,47,1,481.76,0.0,Debit Card,Returned,POS-v2
ORD-715591,1,2026-07-26 15:27:25,4,171,42,2,77.88,0.0,Credit Card,Completed,POS-v2
ORD-715238,1,2026-07-25 13:42:39,16,801,103,1,37.96,0.0,Cash,Completed,POS-v2
ORD-715393,1,2026-07-25 13:22:23,20,810,194,1,131.67,0.0,Cash,Completed,POS-v2
ORD-714816,2,2026-07-23 15:05:17,4,154,50,2,215.03,0.0,Credit Card,Completed,POS-v2
ORD-590672,1,2024-11-20 11:20:18,3,58,74,2,50.24,0.0,Cash,Returned,POS-v2
ORD-715342,1,2026-07-25 12:18:17,2,584,211,1,34.56,6.91,Debit Card,Returned,POS-v2
ORD-714969,1,2026-07-24 15:06:04,6,449,167,1,436.64,0.0,Mobile Pay,Completed,POS-v2
ORD-715194,1,2026-07-25 15:40:41,18,178,191,1,85.90,17.18,Gift Card,Returned,POS-v2
ORD-715323,1,2026-07-25 11:18:52,1,,183,3,145.87,87.52,Mobile Pay,Completed,POS-v2
ORD-714628,1,2026-07-22 09:51:35,15,674,190,1,212.33,0.0,Debit Card,Completed,POS-v2
ORD-715599,1,2026-07-26 10:01:00,8,863,19,1,16.07,0.0,Cash,Completed,POS-v2
ORD-715796,2,2026-07-27 10:52:18,3,466,97,1,49.27,2.46,Credit Card,Completed,POS-v2
ORD-714647,1,2026-07-22 12:29:48,11,1029,223,1,1351.62,0.0,Mobile Pay,Cancelled,POS-v2
ORD-715712,2,07/27/2026 17:49,12,587,183,1,145.87,0.0,Gift Card,Completed,POS-v2
ORD-714911,1,2026-07-23 14:33:56,2,939,83,3,21.39,0.0,Cash,Completed,POS-v2
ORD-715047,1,2026-07-24 14:55:32,15,600,93,1,393.66,78.73,Gift Card,Completed,POS-v2
ORD-714758,1,2026-07-22 14:03:17,1,986,66,1,9.23,0.0,Debit Card,Completed,POS-v2
ORD-715679,1,2026-07-27 14:54:47,19,143,109,1,91.47,0.0,Credit Card,Completed,POS-v2
ORD-715618,1,2026-07-26 19:07:55,9,591,17,1,115.98,0.0,Credit Card,Completed,POS-v2
ORD-715244,3,2026-07-25 20:21:09,11,1049,196,1,50.99,0.0,Cash,COMPLETED,POS-v2
ORD-714615,2,07/22/2026 19:59,6,1026,66,1,9.23,1.85,Credit Card,Returned,POS-v2
ORD-715801,2,2026-07-27 18:44:21,9,678,96,1,66.59,0.0,Credit Card,COMPLETED,POS-v2
ORD-715373,3,2026-07-25 19:54:13,7,685,26,1,24.96,0.0,Gift Card,Completed,POS-v2
ORD-716005,3,2026-07-28 12:42:10,17,46,217,2,81.50,0.0,Debit Card,Completed,POS-v2
ORD-714691,1,2026-07-22 08:18:50,16,316,97,1,49.27,0.0,Debit Card,Completed,POS-v2
ORD-715896,1,2026-07-28 15:04:03,2,648,49,1,13.16,0.0,Mobile Pay,Completed,POS-v2
ORD-715574,1,2026-07-26 14:14:19,21,79,139,5,13.55,0.0,Credit Card,Returned,WEB
ORD-715655,1,2026-07-26 15:19:02,20,,60,-1,206.81,0.0,Debit Card,Completed,POS-v2
ORD-715777,1,2026-07-27 13:51:14,10,,112,2,79.39,0.0,Debit Card,Completed,POS-v2
ORD-715797,2,2026-07-27 16:22:40,6,451,13,1,55.30,0.0,Debit Card,Completed,POS-v2
ORD-715372,1,2026-07-25 15:11:28,5,,244,2,20.58,0.0,Debit Card,Completed,POS-v2
ORD-715181,1,2026-07-25 13:46:28,14,,176,1,305.12,30.51,Mobile Pay,Cancelled,POS-v2
ORD-715123,2,2026-07-24 18:12:43,2,878,247,1,88.74,0.0,Mobile Pay,Completed,POS-v2
ORD-714785,1,2026-07-23 18:57:12,18,702,99,1,65.31,0.0,Gift Card,Completed,POS-v2
ORD-715498,1,2026-07-26 17:46:32,8,668,238,2,111.07,33.32,Cash,Completed,POS-v2
ORD-715713,1,2026-07-27 20:41:45,12,980,195,1,610.56,122.11,Debit Card,Completed,POS-v2
ORD-716047,2,2026-07-28 11:06:27,9,971,196,1,50.99,0.0,Credit Card,Completed,POS-v2
ORD-715045,1,2026-07-24 16:11:23,20,968,168,1,7.91,0.0,Cash,Completed,POS-v2
ORD-715808,1,2026-07-27 19:34:01,2,803,190,3,212.33,63.7,Mobile Pay,Completed,POS-v2
ORD-714838,1,2026-07-23 13:29:11,17,805,34,3,8.35,2.5,Cash,Cancelled,POS-v2
ORD-715741,1,07/27/2026 15:40,3,629,227,1,134.16,0.0,Cash,Completed,POS-v2
ORD-715417,3,2026-07-25 14:50:00,2,678,168,1,7.91,0.0,Gift Card,Completed,POS-v2
ORD-714886,1,2026-07-23 16:44:29,12,,39,2,47.04,0.0,Cash,Completed,POS-v2
ORD-714697,1,2026-07-22 15:01:25,15,1190,169,2,24.37,0.0,Gift Card,Completed,POS-v2
ORD-715830,1,2026-07-27 17:13:28,21,547,112,1,79.39,3.97,Debit Card,Cancelled,WEB
ORD-715375,1,2026-07-25 18:37:12,7,1031,164,1,29.32,0.0,Debit Card,Returned,POS-v2
ORD-715391,1,2026-07-25 20:21:31,21,64,47,2,481.76,0.0,Cash,COMPLETED,WEB
ORD-715162,1,2026-07-24 18:41:00,6,792,86,1,2.14,0.0,Mobile Pay,Cancelled,POS-v2
ORD-715800,3,2026-07-27 20:17:11,1,845,214,1,14.10,0.0,Cash,Completed,POS-v2
ORD-715740,1,2026-07-27 20:19:26,13,426,47,1,481.76,72.26,Debit Card,Completed,POS-v2
ORD-714629,2,2026-07-22 08:36:04,8,841,19,1,16.07,0.0,Credit Card,Completed,POS-v2
ORD-715861,1,2026-07-28 14:17:46,2,1176,98,1,164.21,0.0,Gift Card,Completed,POS-v2
ORD-714673,2,2026-07-22 14:00:50,20,735,95,1,9.57,0.0,Cash,Completed,POS-v2
ORD-714680,3,2026-07-22 17:30:59,3,411,90,1,125.43,25.09,Gift Card,RETURNED,POS-v2
ORD-714739,2,2026-07-22 15:12:44,1,765,185,1,93.73,0.0,Gift Card,Completed,POS-v2
ORD-714914,1,2026-07-23 12:32:19,9,266,171,1,63.56,0.0,Mobile Pay,Returned,POS-v2
ORD-716043,2,2026-07-28 12:21:14,10,1016,215,1,95.16,0.0,Mobile Pay,Completed,POS-v2
ORD-715902,2,2026-07-28 17:09:26,13,,204,2,274.55,0.0,Mobile Pay,Completed,POS-v2
ORD-714919,1,2026-07-23 08:18:38,6,101,207,3,70.84,0.0,Mobile Pay,RETURNED,POS-v2
ORD-715636,1,2026-07-26 13:56:09,1,452,181,1,170.57,8.53,Cash,Completed,POS-v2
ORD-714990,1,2026-07-24 20:26:12,3,365,94,1,376.00,56.4,Mobile Pay,Completed,POS-v2
ORD-715863,1,2026-07-28 15:37:13,11,849,83,1,21.39,0.0,Cash,Cancelled,POS-v2
ORD-715934,2,2026-07-28 21:31:48,10,877,190,1,212.33,0.0,Debit Card,Completed,POS-v2
ORD-714970,1,2026-07-24 20:05:17,7,669,56,1,21.79,0.0,Gift Card,Completed,POS-v2
ORD-508719,1,2023-09-05 19:26:22,19,724,189,1,648.50,0.0,Mobile Pay,Returned,POS-v2
ORD-715964,1,2026-07-28 13:04:34,16,,177,1,35.36,0.0,Credit Card,Completed,POS-v2
ORD-715970,1,2026-07-28 15:08:41,19,995,205,1,36.36,0.0,Mobile Pay,Completed,POS-v2
ORD-715482,1,2026-07-26 11:00:54,6,831,122,1,1194.92,0.0,Cash,Completed,POS-v2
ORD-715545,3,2026-07-26 14:49:44,9,745,75,3,101.78,0.0,Cash,Completed,POS-v2
ORD-714772,1,2026-07-22 21:59:52,5,,46,1,19.79,2.97,Credit Card,Cancelled,POS-v2
ORD-715987,1,2026-07-28 19:15:09,6,1176,31,1,69.04,0.0,Debit Card,Completed,POS-v2
ORD-714718,1,2026-07-22 12:55:52,4,977,172,1,136.55,0.0,Credit Card,Completed,POS-v2
ORD-624535,1,2025-05-11 17:04:18,19,451,130,1,24.61,0.0,Gift Card,Returned,POS-v2
ORD-714669,1,2026-07-22 14:43:56,2,533,250,2,15.57,0.0,Cash,Completed,POS-v2
ORD-714970,2,2026-07-24 20:05:17,7,669,153,1,1127.10,0.0,Gift Card,Returned,POS-v2
ORD-715798,1,2026-07-27 13:05:53,13,909,196,2,50.99,15.3,Credit Card,Completed,POS-v2
ORD-715333,4,2026-07-25 14:16:39,5,85,4,1,6.69,0.0,Mobile Pay,Completed,POS-v2
ORD-715573,1,2026-07-26 13:18:11,12,265,67,1,16.30,0.0,Cash,Completed,POS-v2
ORD-715372,2,2026-07-25 15:11:28,5,,57,1,67.39,0.0,Credit Card,Completed,POS-v2
ORD-715510,1,2026-07-26 18:01:24,11,754,84,3,50.83,0.0,Debit Card,Completed,POS-v2
ORD-714654,1,2026-07-22 16:05:12,21,521,84,1,50.83,0.0,Cash,Cancelled,WEB
ORD-550345,2,2024-04-16 11:39:15,7,,99,5,65.31,48.98,Credit Card,Returned,POS-v2
ORD-715788,1,2026-07-27 13:39:30,5,994,38,1,15.39,0.0,Mobile Pay,Completed,POS-v2
ORD-715462,1,2026-07-26 13:07:15,14,976,91,1,299.59,0.0,Cash,Completed,POS-v2
ORD-715109,3,2026-07-24 13:18:15,10,426,207,1,70.84,0.0,Credit Card,Completed,POS-v2
ORD-714763,4,2026-07-22 17:57:39,19,78,202,1,561.01,0.0,Cash,Completed,POS-v2
ORD-715665,3,2026-07-26 13:47:01,12,582,143,2,1.79,0.0,Cash,Completed,POS-v2
ORD-715273,2,2026-07-25 20:02:16,7,30,232,5,40.48,0.0,Mobile Pay,Completed,POS-v2
ORD-714972,1,2026-07-24 18:47:11,12,540,186,1,437.54,0.0,Mobile Pay,Cancelled,POS-v2
ORD-715514,1,2026-07-26 14:25:10,18,596,182,3,195.25,29.29,Gift Card,Cancelled,POS-v2
ORD-715382,1,2026-07-25 12:22:13,14,1088,100,1,70.39,0.0,Debit Card,Completed,POS-v2
ORD-715499,1,2026-07-26 13:52:41,12,1061,146,1,135.01,0.0,Mobile Pay,Completed,POS-v2
ORD-715654,2,2026-07-26 11:06:12,13,689,210,1,44.71,0.0,Gift Card,Completed,POS-v2
ORD-714792,1,07/23/2026 15:05,14,923,116,-1,131.65,0.0,Gift Card,COMPLETED,POS-v2
ORD-641170,2,2025-08-06 20:01:53,1,461,43,2,6.76,0.0,Cash,Returned,POS-v2
ORD-715813,1,2026-07-27 20:04:31,4,1173,120,1,91.88,13.78,Cash,Returned,POS-v2
ORD-714971,1,2026-07-24 18:42:33,1,485,63,1,113.03,0.0,Mobile Pay,Completed,POS-v2
ORD-715745,2,2026-07-27 16:54:55,12,516,40,2,364.97,0.0,Gift Card,Completed,POS-v2
ORD-531601,1,2023-12-25 13:06:34,4,189,109,1,91.47,0.0,Mobile Pay,Returned,POS-v2
ORD-715250,1,2026-07-25 19:55:11,21,213,115,1,80.31,0.0,Cash,Completed,WEB
ORD-714648,1,2026-07-22 14:35:41,21,937,218,1,28.28,0.0,Cash,Completed,WEB
ORD-715691,1,2026-07-27 11:55:45,8,379,97,1,49.27,0.0,Credit Card,Completed,POS-v2
ORD-715744,1,2026-07-27 12:31:26,3,437,9,2,10.43,0.0,Mobile Pay,Completed,POS-v2
ORD-715426,1,2026-07-26 15:06:42,11,496,13,2,55.30,0.0,Credit Card,Completed,POS-v2
ORD-714654,2,2026-07-22 16:05:12,21,521,52,2,244.00,0.0,Debit Card,Completed,WEB
ORD-714993,1,2026-07-24 17:20:58,6,812,73,1,156.03,0.0,Gift Card,Completed,POS-v2
ORD-716005,4,2026-07-28 12:42:10,17,46,211,1,34.56,3.46,Gift Card,Completed,POS-v2
ORD-714619,1,2026-07-22 15:21:29,2,1084,4,1,6.69,0.0,Debit Card,Completed,POS-v2
ORD-715186,1,2026-07-25 18:09:11,7,734,58,3,10.46,0.0,Gift Card,Cancelled,POS-v2
ORD-715985,3,2026-07-28 16:34:57,13,437,94,1,376.00,0.0,Debit Card,Returned,POS-v2
ORD-714869,3,2026-07-23 16:40:06,6,224,63,1,113.03,5.65,Gift Card,Cancelled,POS-v2
ORD-715696,2,2026-07-27 17:38:00,11,1176,47,5,481.76,0.0,Credit Card,Completed,POS-v2
ORD-715751,1,2026-07-27 13:54:20,20,,197,1,68.48,0.0,Gift Card,COMPLETED,POS-v2
ORD-715850,1,2026-07-28 10:50:54,3,93,140,1,94.75,0.0,Gift Card,Cancelled,POS-v2
ORD-655220,2,2025-10-17 16:45:52,11,1105,145,1,20.64,0.0,Gift Card,Returned,POS-v2
ORD-715905,1,2026-07-28 17:18:46,10,938,38,1,15.39,0.0,Gift Card,Completed,POS-v2
ORD-714719,2,2026-07-22 10:30:09,6,238,28,2,204.69,0.0,Gift Card,Completed,POS-v2
ORD-715877,1,2026-07-28 12:19:07,16,562,118,1,345.48,0.0,Cash,Completed,POS-v2
ORD-714634,1,2026-07-22 20:02:02,10,410,2,1,328.81,0.0,Mobile Pay,Completed,POS-v2
ORD-714681,2,2026-07-22 15:26:58,9,928,153,1,1127.10,0.0,Cash,Completed,POS-v2
ORD-502085,3,2023-07-27 14:41:18,16,1149,136,2,55.76,0.0,Credit Card,Returned,POS-v2
ORD-557430,1,2024-05-27 16:32:35,4,1041,176,3,305.12,0.0,Debit Card,Returned,POS-v2
ORD-708158,1,2026-06-20 12:44:05,4,894,186,1,437.54,0.0,Gift Card,Returned,POS-v2
ORD-714741,1,2026-07-22 16:37:28,11,598,248,2,545.72,0.0,Gift Card,Completed,POS-v2
ORD-715019,4,2026-07-24 14:06:46,8,282,102,1,428.38,0.0,Credit Card,Completed,POS-v2
ORD-714627,1,2026-07-22 20:19:28,20,546,140,2,94.75,9.47,Credit Card,Completed,POS-v2
ORD-714699,1,2026-07-22 16:02:13,14,,96,1,66.59,3.33,Gift Card,Cancelled,POS-v2
ORD-715875,1,2026-07-28 14:16:17,3,339,51,1,7.15,0.0,Gift Card,Completed,POS-v2
ORD-715888,3,2026-07-28 19:19:16,8,1175,48,2,32.92,0.0,Credit Card,RETURNED,POS-v2
ORD-715057,1,2026-07-24 09:19:20,9,607,84,2,50.83,0.0,Mobile Pay,Completed,POS-v2
ORD-716050,2,2026-07-28 09:01:09,10,1127,161,1,426.31,0.0,Mobile Pay,Completed,POS-v2
ORD-535437,3,2024-01-15 20:09:59,19,,212,1,40.54,0.0,Mobile Pay,Returned,POS-v2
ORD-714800,3,2026-07-23 14:03:55,3,542,5,1,34.07,3.41,Credit Card,Cancelled,POS-v2
ORD-538238,1,2024-02-04 15:26:11,5,187,248,3,545.72,0.0,Gift Card,Returned,POS-v2
ORD-715610,1,2026-07-26 16:44:30,13,,108,1,152.24,0.0,Mobile Pay,Returned,POS-v2
ORD-715467,1,2026-07-26 12:41:19,8,758,231,1,161.90,0.0,Mobile Pay,Completed,POS-v2
ORD-716038,1,2026-07-28 15:25:41,17,,235,1,129.37,0.0,Debit Card,Cancelled,POS-v2
ORD-533121,1,2023-12-31 16:17:26,2,773,213,1,429.01,0.0,Cash,Returned,POS-v2
ORD-715657,3,2026-07-26 15:08:52,12,430,225,2,69.71,0.0,Cash,Completed,POS-v2
ORD-715803,1,2026-07-27 15:21:39,4,920,190,2,212.33,0.0,Gift Card,Completed,POS-v2
ORD-715316,1,2026-07-25 18:27:00,3,,176,1,305.12,0.0,Gift Card,Completed,POS-v2
ORD-715489,2,2026-07-26 14:57:52,6,924,101,2,1276.11,0.0,Gift Card,Completed,POS-v2
ORD-715292,1,2026-07-25 11:37:09,9,606,10,1,$29.56,0.0,Credit Card,Completed,POS-v2
ORD-714754,1,2026-07-22 17:12:29,14,,68,1,103.58,0.0,Gift Card,Completed,POS-v2
ORD-716046,1,2026-07-28 10:55:38,9,185,118,1,345.48,0.0,Mobile Pay,Completed,POS-v2
ORD-715188,1,2026-07-25 17:07:30,12,,75,2,101.78,0.0,Mobile Pay,Completed,POS-v2
ORD-599056,1,2024-12-21 21:53:07,21,204,46,3,19.79,11.87,Mobile Pay,Returned,WEB
ORD-714816,4,2026-07-23 15:05:17,4,154,5,1,34.07,0.0,Cash,RETURNED,POS-v2
ORD-714984,1,2026-07-24 13:14:08,19,,232,1,40.48,0.0,Debit Card,Returned,POS-v2
ORD-715896,2,2026-07-28 15:04:03,2,648,87,1,3.41,0.0,Gift Card,Cancelled,POS-v2
ORD-715926,1,2026-07-28 10:07:53,17,750,93,1,393.66,78.73,Gift Card,Completed,POS-v2
ORD-715476,1,2026-07-26 19:49:01,21,704,137,1,46.27,0.0,Gift Card,Completed,WEB
ORD-715397,1,2026-07-25 14:10:45,21,155,148,2,71.49,0.0,Cash,Returned,WEB
ORD-646030,1,2025-08-31 12:03:42,8,155,244,3,20.58,6.17,Gift Card,Returned,POS-v2
ORD-715850,2,2026-07-28 10:50:54,3,93,158,2,25.03,0.0,Credit Card,Returned,POS-v2
ORD-715490,1,2026-07-26 20:19:49,12,1024,94,1,376.00,0.0,Gift Card,Returned,POS-v2
ORD-715566,1,2026-07-26 18:16:38,15,365,86,2,2.14,0.0,Mobile Pay,Cancelled,POS-v2
ORD-715132,4,2026-07-24 14:59:43,16,,234,3,129.98,0.0,Gift Card,Completed,POS-v2
ORD-715003,2,2026-07-24 15:11:51,6,471,14,2,81.28,0.0,Mobile Pay,Returned,POS-v2
ORD-634406,3,2025-07-02 19:00:44,4,776,183,1,145.87,14.59,Debit Card,Returned,POS-v2
ORD-715444,1,2026-07-26 16:43:32,18,182,9,1,10.43,0.0,Credit Card,Completed,POS-v2
ORD-715627,1,2026-07-26 15:22:49,3,191,97,1,49.27,9.85,Mobile Pay,Cancelled,POS-v2
ORD-715846,1,2026-07-28 14:03:43,11,1134,167,2,436.64,0.0,Credit Card,Completed,POS-v2
ORD-715696,1,2026-07-27 17:38:00,11,1176,86,1,2.14,0.0,Debit Card,Completed,POS-v2
ORD-714613,4,2026-07-22 13:36:18,21,463,41,1,15.59,3.12,Cash,Cancelled,WEB
ORD-715052,1,2026-07-24 18:45:23,17,248,162,1,4.77,0.0,Credit Card,Completed,POS-v2
ORD-714888,2,2026-07-23 15:31:58,12,728,233,1,50.90,0.0,Mobile Pay,Completed,POS-v2
ORD-715088,1,2026-07-24 16:49:58,18,758,99,2,65.31,26.12,Cash,Completed,POS-v2
ORD-715885,1,2026-07-28 11:49:31,10,755,192,5,172.13,0.0,Gift Card,Returned,POS-v2
ORD-714652,2,07/22/2026 09:19,18,935,240,2,14.88,0.0,Gift Card,Returned,POS-v2
ORD-715853,1,2026-07-28 17:33:34,7,239,6,3,144.10,0.0,Debit Card,Completed,POS-v2
ORD-715652,2,2026-07-26 11:24:04,14,,76,1,474.35,0.0,Credit Card,Completed,POS-v2
ORD-716040,2,2026-07-28 18:06:16,11,179,103,1,37.96,0.0,Cash,Completed,POS-v2
ORD-714851,1,2026-07-23 14:37:19,7,281,182,2,195.25,0.0,Cash,COMPLETED,POS-v2
ORD-715593,1,2026-07-26 12:17:31,3,366,250,1,15.57,0.0,Gift Card,Completed,POS-v2
ORD-714966,1,2026-07-24 11:09:27,6,66,74,3,50.24,0.0,Gift Card,Completed,POS-v2
ORD-715554,1,2026-07-26 20:29:27,16,1047,6,1,144.10,14.41,Mobile Pay,Completed,POS-v2
ORD-714951,1,2026-07-23 17:45:15,8,621,159,2,126.56,0.0,Debit Card,Completed,POS-v2
ORD-715011,1,2026-07-24 21:42:22,18,1085,17,1,115.98,0.0,Debit Card,Completed,POS-v2
ORD-715616,3,2026-07-26 15:51:53,1,881,125,1,16.05,0.0,Debit Card,Completed,POS-v2
ORD-714821,1,2026-07-23 18:28:39,1,1151,107,1,108.85,0.0,Cash,Completed,POS-v2
ORD-715836,3,2026-07-27 15:58:24,16,27,59,1,2.47,0.0,Gift Card,Completed,POS-v2
ORD-715200,1,2026-07-25 20:47:44,1,,49,1,13.16,0.66,Credit Card,Completed,POS-v2
ORD-715638,2,2026-07-26 21:45:31,20,1097,107,1,108.85,0.0,Credit Card,Completed,POS-v2
ORD-715922,1,2026-07-28 10:55:39,4,,28,1,204.69,0.0,Mobile Pay,Cancelled,POS-v2
ORD-715495,1,2026-07-26 21:37:19,18,966,71,1,11.90,2.38,Gift Card,Cancelled,POS-v2
ORD-715329,2,2026-07-25 17:27:33,18,735,226,1,300.23,0.0,Gift Card,Returned,POS-v2
ORD-715436,2,2026-07-26 20:42:15,19,268,118,1,345.48,0.0,Cash,Completed,POS-v2
ORD-715107,1,2026-07-24 16:23:44,5,1115,198,1,76.00,0.0,Credit Card,Completed,POS-v2
ORD-715408,2,2026-07-25 17:04:56,10,629,117,1,1117.37,55.87,Mobile Pay,Completed,POS-v2
ORD-714921,1,2026-07-23 19:48:36,17,,44,2,97.85,9.79,Credit Card,Completed,POS-v2
ORD-715150,1,2026-07-24 17:02:44,5,20,6,1,144.10,21.61,Credit Card,Completed,POS-v2
ORD-677502,1,2026-01-13 17:17:36,3,623,249,1,11.47,1.15,Gift Card,Returned,POS-v2
ORD-715279,2,2026-07-25 17:31:28,13,287,51,1,7.15,0.0,Mobile Pay,Completed,POS-v2
ORD-714988,1,2026-07-24 19:02:00,4,642,191,1,85.90,12.88,Mobile Pay,Completed,POS-v2
ORD-716023,1,2026-07-28 15:09:08,10,356,181,2,170.57,0.0,Cash,Completed,POS-v2
ORD-715218,1,2026-07-25 15:27:07,13,621,126,3,5.42,0.0,Gift Card,Completed,POS-v2
ORD-715407,1,2026-07-25 21:27:10,10,83,148,3,71.49,0.0,Cash,Completed,POS-v2
ORD-715000,2,2026-07-24 11:53:19,19,942,5,1,34.07,6.81,Gift Card,Returned,POS-v2
ORD-715119,1,2026-07-24 15:29:35,8,730,35,1,11.26,0.0,Debit Card,Completed,POS-v2
ORD-715263,1,2026-07-25 18:41:16,17,973,138,1,101.54,0.0,Debit Card,Completed,POS-v2
ORD-715805,2,2026-07-27 20:12:33,21,,70,5,237.97,0.0,Credit Card,Returned,WEB
ORD-715814,1,2026-07-27 10:23:43,21,845,235,1,129.37,0.0,Debit Card,Completed,WEB
ORD-715512,1,2026-07-26 16:44:36,20,195,198,1,76.00,0.0,Gift Card,Completed,POS-v2
ORD-714882,2,2026-07-23 20:28:17,20,,19,1,16.07,0.0,Gift Card,COMPLETED,POS-v2
ORD-715098,3,2026-07-24 19:33:17,17,,144,3,45.16,0.0,Cash,Completed,POS-v2
ORD-715139,1,2026-07-24 16:38:50,8,555,134,1,392.62,0.0,Cash,RETURNED,POS-v2
ORD-715357,2,2026-07-25 13:04:00,17,828,199,3,11.44,0.0,Mobile Pay,Completed,POS-v2
ORD-714818,1,2026-07-23 19:29:50,15,1134,106,1,1186.50,118.65,Gift Card,Completed,POS-v2
ORD-715152,1,2026-07-24 14:57:55,6,618,42,1,77.88,11.68,Gift Card,Completed,POS-v2
ORD-714799,1,2026-07-23 21:59:19,3,94,138,1,101.54,0.0,Mobile Pay,Completed,POS-v2
ORD-714633,1,2026-07-22 12:17:59,7,548,8,3,16.90,0.0,Debit Card,Completed,POS-v2
ORD-715670,3,2026-07-26 17:35:36,6,853,27,2,125.91,37.77,Gift Card,Cancelled,POS-v2
ORD-715560,1,2026-07-26 17:03:44,20,,178,1,17.45,0.0,Cash,Completed,POS-v2
ORD-715781,3,2026-07-27 21:20:01,21,1007,8,1,16.90,0.0,Cash,Returned,WEB
ORD-714880,2,2026-07-23 16:37:03,18,219,126,3,5.42,0.0,Debit Card,Cancelled,POS-v2
ORD-715868,1,2026-07-28 15:28:47,5,287,182,2,195.25,0.0,Credit Card,Completed,POS-v2
ORD-715902,3,2026-07-28 17:09:26,13,,237,1,55.84,0.0,Debit Card,Cancelled,POS-v2
ORD-715672,3,2026-07-27 14:54:30,1,49,32,1,63.67,0.0,Cash,Completed,POS-v2
ORD-716001,1,2026-07-28 09:11:05,10,592,70,1,237.97,0.0,Mobile Pay,Completed,POS-v2
ORD-715445,3,2026-07-26 17:13:13,8,27,222,1,528.97,0.0,Credit Card,COMPLETED,POS-v2
ORD-715468,1,2026-07-26 14:45:54,21,188,146,1,135.01,13.5,Gift Card,Returned,WEB
ORD-714700,2,2026-07-22 12:02:35,11,875,76,1,474.35,0.0,Gift Card,Completed,POS-v2
ORD-715437,1,2026-07-26 18:58:11,18,258,115,2,80.31,0.0,Credit Card,Completed,POS-v2
ORD-715202,1,2026-07-25 20:00:26,13,,152,1,44.47,0.0,Mobile Pay,Completed,POS-v2
ORD-714719,1,2026-07-22 10:30:09,6,238,72,1,24.49,0.0,Mobile Pay,Completed,POS-v2
ORD-715762,1,2026-07-27 14:27:18,5,,44,2,97.85,0.0,Debit Card,COMPLETED,POS-v2
ORD-715595,2,2026-07-26 09:41:32,19,612,122,1,1194.92,0.0,Credit Card,Completed,POS-v2
ORD-714828,2,2026-07-23 15:45:03,7,1163,205,3,36.36,0.0,Debit Card,Returned,POS-v2
ORD-715259,2,2026-07-25 09:41:11,8,1093,193,1,50.27,0.0,Gift Card,Completed,POS-v2
ORD-716020,1,2026-07-28 13:49:48,19,594,134,1,392.62,19.63,Cash,Completed,POS-v2
ORD-714727,1,2026-07-22 12:01:57,6,97,177,1,35.36,0.0,Mobile Pay,Completed,POS-v2
ORD-714656,1,2026-07-22 11:12:52,10,960,103,2,37.96,7.59,Debit Card,COMPLETED,POS-v2
ORD-716016,1,07/28/2026 09:05,12,329,126,1,5.42,0.0,Cash,Completed,POS-v2
ORD-715425,1,2026-07-26 17:59:54,9,903,164,5,29.32,0.0,Credit Card,Completed,POS-v2
ORD-715604,2,2026-07-26 18:27:31,7,243,19,1,16.07,0.0,Gift Card,Completed,POS-v2
ORD-715573,3,2026-07-26 13:18:11,12,265,231,1,161.90,0.0,Cash,Completed,POS-v2
ORD-714833,1,2026-07-23 13:41:16,2,1109,36,2,78.85,0.0,Mobile Pay,Completed,POS-v2
ORD-715540,1,2026-07-26 14:50:51,14,924,238,1,111.07,0.0,Credit Card,Completed,POS-v2
ORD-715417,2,2026-07-25 14:50:00,2,678,153,3,1127.10,0.0,Gift Card,Completed,POS-v2
ORD-714715,2,2026-07-22 19:04:45,15,631,174,2,47.32,0.0,Credit Card,Returned,POS-v2
ORD-715986,1,07/28/2026 16:37,15,447,205,2,36.36,0.0,Gift Card,Completed,POS-v2
ORD-715642,2,2026-07-26 08:26:01,5,907,96,1,66.59,0.0,Mobile Pay,Completed,POS-v2
ORD-715785,1,2026-07-27 14:27:04,20,61,5,1,34.07,0.0,Debit Card,Completed,POS-v2
ORD-714879,1,2026-07-23 15:33:17,17,207,140,1,94.75,0.0,Cash,Completed,POS-v2
ORD-714958,1,2026-07-23 16:01:01,14,751,207,1,70.84,0.0,Credit Card,Completed,POS-v2
ORD-714975,2,07/24/2026 11:30,4,1040,155,1,19.51,0.0,Debit Card,Completed,POS-v2
ORD-715361,1,2026-07-25 18:57:16,3,1083,185,1,93.73,0.0,Mobile Pay,Completed,POS-v2
ORD-715212,2,2026-07-25 18:49:44,11,91,152,5,44.47,0.0,Debit Card,Completed,POS-v2
ORD-714978,1,2026-07-24 16:11:40,21,55,210,2,44.71,0.0,Cash,Completed,WEB
ORD-715670,4,2026-07-26 17:35:36,6,853,141,1,1122.69,0.0,Debit Card,Completed,POS-v2
ORD-715122,1,2026-07-24 14:17:07,16,803,167,1,436.64,0.0,Gift Card,Returned,POS-v2
ORD-714854,1,2026-07-23 12:50:34,20,,190,3,212.33,0.0,Credit Card,CANCELLED,POS-v2
ORD-714826,2,2026-07-23 15:22:35,4,887,57,2,67.39,0.0,Credit Card,Completed,POS-v2
ORD-540738,4,2024-02-21 16:10:32,5,43,173,5,2.96,0.0,Debit Card,Returned,POS-v2
ORD-512436,1,2023-09-27 20:15:05,4,803,101,1,1276.11,0.0,Mobile Pay,Returned,POS-v2
ORD-715921,2,2026-07-28 18:31:09,21,993,122,1,1194.92,0.0,Debit Card,Completed,WEB
ORD-714614,1,2026-07-22 17:49:59,8,,126,1,5.42,0.0,Debit Card,COMPLETED,POS-v2
ORD-715805,1,2026-07-27 20:12:33,21,,198,1,76.00,11.4,Cash,Completed,WEB
ORD-715427,1,2026-07-26 21:22:06,12,,33,1,92.00,9.2,Mobile Pay,Completed,POS-v2
ORD-715815,1,2026-07-27 16:31:08,9,832,168,1,7.91,0.0,Gift Card,Returned,POS-v2
ORD-714845,1,2026-07-23 17:22:29,9,84,180,1,84.76,0.0,Credit Card,Completed,POS-v2
ORD-714669,4,2026-07-22 14:43:56,2,533,107,1,108.85,5.44,Gift Card,Completed,POS-v2
ORD-715630,2,2026-07-26 10:42:00,8,732,112,1,79.39,0.0,Cash,Completed,POS-v2
ORD-715641,1,2026-07-26 20:06:09,21,233,113,1,9.01,1.35,Cash,Completed,WEB
ORD-715608,2,2026-07-26 12:39:25,14,663,56,1,21.79,0.0,Mobile Pay,Completed,POS-v2
ORD-715523,1,2026-07-26 08:36:00,18,635,47,1,481.76,48.18,Credit Card,Completed,POS-v2
ORD-714996,1,07/24/2026 13:32,13,921,103,2,37.96,11.39,Mobile Pay,Completed,POS-v2
ORD-714826,1,2026-07-23 15:22:35,4,887,1,1,855.84,0.0,Gift Card,Returned,POS-v2
ORD-715475,1,2026-07-26 09:15:56,14,1009,26,1,24.96,3.74,Credit Card,Completed,POS-v2
ORD-715643,1,2026-07-26 11:50:50,12,417,73,2,156.03,0.0,Credit Card,Completed,POS-v2
ORD-715817,3,2026-07-27 20:32:12,13,931,180,1,84.76,0.0,Cash,Completed,POS-v2
ORD-715592,1,2026-07-26 14:33:18,18,92,32,1,63.67,0.0,Debit Card,Completed,POS-v2
ORD-714817,1,2026-07-23 18:06:41,13,518,122,1,1194.92,238.98,Gift Card,Completed,POS-v2
ORD-714612,2,2026-07-22 13:57:30,6,649,131,1,128.39,0.0,Credit Card,Completed,POS-v2
ORD-715995,2,2026-07-28 16:14:36,14,1041,129,1,24.64,0.0,Cash,Completed,POS-v2
ORD-715771,1,2026-07-27 15:01:03,17,416,202,1,561.01,84.15,Mobile Pay,Cancelled,POS-v2
ORD-714864,2,2026-07-23 18:40:30,3,133,77,1,361.16,0.0,Mobile Pay,COMPLETED,POS-v2
ORD-715233,2,2026-07-25 11:01:55,3,125,118,3,345.48,0.0,Gift Card,Completed,POS-v2
ORD-715109,1,2026-07-24 13:18:15,10,426,169,2,24.37,0.0,Credit Card,Completed,POS-v2
ORD-715604,1,2026-07-26 18:27:31,7,243,46,1,19.79,0.0,Mobile Pay,Completed,POS-v2
ORD-715832,1,2026-07-27 16:22:46,4,721,116,3,131.65,0.0,Cash,Completed,POS-v2
ORD-715367,2,2026-07-25 16:06:56,17,257,121,1,6.80,0.0,Credit Card,Completed,POS-v2
ORD-715120,1,2026-07-24 21:36:53,16,1073,90,2,125.43,0.0,Cash,Completed,POS-v2
ORD-540048,1,2024-02-17 18:49:51,21,1194,36,1,78.85,0.0,Credit Card,Returned,WEB
ORD-714877,3,2026-07-23 19:19:22,10,786,55,5,631.41,0.0,Cash,Completed,POS-v2
ORD-715585,1,2026-07-26 08:50:08,9,122,176,1,305.12,0.0,Credit Card,Completed,POS-v2
ORD-715537,3,2026-07-26 11:55:48,21,1087,6,2,144.10,0.0,Credit Card,Completed,WEB
ORD-714838,2,2026-07-23 13:29:11,17,805,142,2,140.07,0.0,Mobile Pay,Returned,POS-v2
ORD-714704,1,2026-07-22 21:31:33,1,1106,169,1,24.37,0.0,Credit Card,Cancelled,POS-v2
ORD-715903,2,2026-07-28 19:16:31,12,,175,1,14.65,0.0,Credit Card,Completed,POS-v2
ORD-714861,1,2026-07-23 21:16:18,4,215,166,1,4.90,0.0,Cash,Completed,POS-v2
ORD-715177,3,2026-07-25 15:34:38,1,683,78,1,673.47,0.0,Debit Card,Returned,POS-v2
ORD-715410,1,2026-07-25 17:25:00,11,980,200,1,42.31,0.0,Debit Card,Completed,POS-v2
ORD-715318,2,2026-07-25 08:55:45,10,1042,41,2,15.59,1.56,Gift Card,Completed,POS-v2
ORD-715440,3,2026-07-26 15:28:09,19,1166,110,1,25.73,0.0,Credit Card,Completed,POS-v2
ORD-715826,1,2026-07-27 20:52:05,14,435,6,1,144.10,0.0,Debit Card,Completed,POS-v2
ORD-715440,2,2026-07-26 15:28:09,19,1166,198,1,76.00,0.0,Cash,Completed,POS-v2
ORD-715142,1,2026-07-24 18:16:13,1,954,90,5,125.43,0.0,Gift Card,Completed,POS-v2
ORD-716024,2,2026-07-28 20:56:58,1,1074,162,1,4.77,0.95,Debit Card,Completed,POS-v2
ORD-714989,2,2026-07-24 17:32:27,21,1200,175,2,14.65,0.0,Gift Card,Returned,WEB
ORD-715280,2,2026-07-25 16:05:49,18,37,73,3,156.03,0.0,Credit Card,Completed,POS-v2
ORD-714798,1,2026-07-23 12:35:52,15,340,24,3,1052.95,473.83,Credit Card,Completed,POS-v2
ORD-715339,2,2026-07-25 14:38:53,4,1129,100,1,70.39,0.0,Gift Card,Completed,POS-v2
ORD-715651,1,2026-07-26 13:18:02,19,984,120,3,91.88,0.0,Gift Card,Completed,POS-v2
ORD-714683,3,2026-07-22 08:26:44,2,1174,240,1,14.88,0.0,Debit Card,Cancelled,POS-v2
ORD-715129,1,2026-07-24 12:20:56,5,30,216,3,267.06,0.0,Gift Card,Completed,POS-v2
ORD-716000,2,2026-07-28 18:30:43,21,,13,1,55.30,8.29,Debit Card,Completed,WEB
ORD-714869,4,2026-07-23 16:40:06,6,224,126,1,5.42,0.0,Mobile Pay,Cancelled,POS-v2
ORD-714791,1,2026-07-23 15:02:01,11,1007,17,5,115.98,86.98,Cash,Completed,POS-v2
ORD-715294,1,2026-07-25 08:33:12,2,523,78,3,673.47,0.0,Debit Card,Completed,POS-v2
ORD-666847,1,2025-12-01 15:15:47,2,1100,216,1,267.06,0.0,Mobile Pay,Returned,POS-v2
ORD-715260,2,2026-07-25 11:37:04,14,162,235,3,129.37,0.0,Debit Card,Completed,POS-v2
ORD-715761,2,2026-07-27 18:12:00,4,1016,26,1,24.96,0.0,Debit Card,Completed,POS-v2
ORD-714896,1,2026-07-23 12:23:34,16,851,45,5,11.11,0.0,Gift Card,Returned,POS-v2
ORD-714960,1,2026-07-24 12:32:08,6,629,101,1,1276.11,0.0,Gift Card,Cancelled,POS-v2
ORD-715918,1,2026-07-28 11:30:11,19,426,169,1,24.37,1.22,Credit Card,Returned,POS-v2
ORD-715698,1,2026-07-27 17:30:46,1,380,84,1,50.83,0.0,Mobile Pay,Completed,POS-v2
ORD-715532,1,2026-07-26 14:47:35,13,584,19,2,16.07,0.0,Debit Card,Completed,POS-v2
ORD-715212,1,2026-07-25 18:49:44,11,91,54,1,22.37,0.0,Mobile Pay,Completed,POS-v2
ORD-715652,4,2026-07-26 11:24:04,14,,248,1,545.72,0.0,Credit Card,Cancelled,POS-v2
ORD-715253,1,2026-07-25 11:51:07,17,419,96,1,66.59,13.32,Gift Card,Completed,POS-v2
ORD-714776,1,2026-07-22 15:44:03,17,845,70,1,237.97,0.0,Gift Card,Completed,POS-v2
ORD-715331,1,2026-07-25 13:47:54,5,,236,1,61.31,12.26,Credit Card,Completed,POS-v2
ORD-714636,1,2026-07-22 14:07:39,20,721,243,1,57.56,0.0,Credit Card,COMPLETED,POS-v2
ORD-715797,3,2026-07-27 16:22:40,6,451,120,1,91.88,0.0,Mobile Pay,Completed,POS-v2
ORD-715215,2,2026-07-25 20:53:05,1,1181,4,2,6.69,0.0,Gift Card,Completed,POS-v2
ORD-715958,2,2026-07-28 20:04:11,14,,50,1,215.03,0.0,Gift Card,Completed,POS-v2
ORD-715402,1,2026-07-25 16:53:53,17,153,90,1,125.43,0.0,Cash,Completed,POS-v2
ORD-715039,1,2026-07-24 12:09:17,10,800,95,1,9.57,0.0,Cash,Completed,POS-v2
ORD-715919,4,2026-07-28 12:50:42,8,1021,102,1,428.38,0.0,Debit Card,Completed,POS-v2
ORD-715728,1,2026-07-27 16:34:09,3,1070,165,1,59.42,0.0,Debit Card,Completed,POS-v2
ORD-715763,1,2026-07-27 18:51:38,19,1030,147,1,60.30,0.0,Gift Card,Completed,POS-v2
ORD-715029,1,2026-07-24 10:08:08,5,636,118,2,345.48,0.0,Debit Card,Completed,POS-v2
ORD-715348,1,2026-07-25 17:40:56,5,562,244,1,20.58,0.0,Mobile Pay,Completed,POS-v2
ORD-715341,1,2026-07-25 17:20:22,17,983,13,1,55.30,0.0,Cash,Completed,POS-v2
ORD-715016,1,2026-07-24 09:53:10,1,301,161,3,426.31,0.0,Credit Card,Completed,POS-v2
ORD-683913,2,2026-02-20 18:37:30,20,750,51,1,7.15,0.0,Credit Card,Returned,POS-v2
ORD-714904,1,2026-07-23 15:14:37,2,,139,1,13.55,0.0,Mobile Pay,Returned,POS-v2
ORD-715422,1,2026-07-26 09:48:09,18,959,150,2,105.01,0.0,Mobile Pay,Returned,POS-v2
ORD-714855,4,2026-07-23 10:44:00,13,439,192,1,172.13,34.43,Mobile Pay,Returned,POS-v2
ORD-715691,2,2026-07-27 11:55:45,8,379,23,2,5.78,1.16,Gift Card,Completed,POS-v2
ORD-716045,1,2026-07-28 20:00:51,19,,240,1,14.88,0.0,Credit Card,Completed,POS-v2
ORD-714607,1,2026-07-22 09:51:15,2,1185,80,1,25.49,1.27,Gift Card,Completed,POS-v2
ORD-715265,1,2026-07-25 11:47:31,12,1,87,3,3.41,0.0,Debit Card,Completed,POS-v2
ORD-714986,4,2026-07-24 20:31:43,16,1166,248,5,545.72,0.0,Mobile Pay,Completed,POS-v2
ORD-715555,1,2026-07-26 17:25:41,21,493,204,2,274.55,0.0,Cash,Completed,WEB
ORD-715448,2,2026-07-26 11:49:43,18,495,200,1,42.31,0.0,Mobile Pay,Completed,POS-v2
ORD-714866,1,2026-07-23 16:54:15,8,1024,68,1,103.58,10.36,Cash,Completed,POS-v2
ORD-715445,1,2026-07-26 17:13:13,8,27,137,3,46.27,20.82,Debit Card,Completed,POS-v2
ORD-714652,2,07/22/2026 09:19,18,935,240,2,14.88,0.0,Gift Card,Returned,POS-v2
ORD-715056,1,2026-07-24 13:50:26,14,,3,1,346.86,0.0,Debit Card,Cancelled,POS-v2
ORD-715030,1,2026-07-24 11:32:18,2,1158,117,1,1117.37,0.0,Credit Card,Returned,POS-v2
ORD-715672,2,2026-07-27 14:54:30,1,49,9,1,10.43,2.09,Gift Card,Completed,POS-v2
ORD-715649,3,2026-07-26 18:07:23,4,823,222,1,528.97,0.0,Debit Card,Completed,POS-v2
ORD-714929,1,2026-07-23 21:58:34,2,1120,240,1,14.88,0.0,Gift Card,Completed,POS-v2
ORD-716015,1,2026-07-28 19:33:51,13,943,214,1,14.10,2.11,Mobile Pay,Completed,POS-v2
ORD-715957,1,2026-07-28 15:22:37,21,823,50,1,215.03,0.0,Cash,Completed,WEB
ORD-715664,2,2026-07-26 16:43:44,2,651,59,2,2.47,0.0,Debit Card,Completed,POS-v2
ORD-715178,2,2026-07-25 11:34:44,8,284,38,1,15.39,0.0,Mobile Pay,Completed,POS-v2
ORD-715543,3,2026-07-26 19:47:03,4,20,113,2,9.01,0.0,Gift Card,Completed,POS-v2
ORD-715901,3,2026-07-28 17:44:09,18,775,101,1,1276.11,127.61,Mobile Pay,Completed,POS-v2
ORD-716003,2,2026-07-28 21:38:16,13,491,10,1,29.56,0.0,Mobile Pay,RETURNED,POS-v2
ORD-715306,2,2026-07-25 11:45:58,13,596,237,1,55.84,0.0,Gift Card,Completed,POS-v2
ORD-715544,1,2026-07-26 18:34:21,8,116,132,1,29.88,0.0,Mobile Pay,Completed,POS-v2
ORD-715031,2,2026-07-24 21:03:11,21,,130,2,$24.61,0.0,Credit Card,Completed,WEB
ORD-714740,1,2026-07-22 15:22:26,5,291,46,1,$19.79,0.0,Gift Card,Completed,POS-v2
ORD-715560,2,2026-07-26 17:03:44,20,,91,1,299.59,14.98,Gift Card,Completed,POS-v2
ORD-715790,2,2026-07-27 15:24:39,13,303,154,3,41.08,0.0,Cash,Completed,POS-v2
ORD-715790,1,2026-07-27 15:24:39,13,303,47,1,481.76,48.18,Debit Card,Completed,POS-v2
ORD-716039,1,2026-07-28 19:27:40,3,,154,1,41.08,4.11,Gift Card,Cancelled,POS-v2
ORD-714826,3,2026-07-23 15:22:35,4,887,129,1,24.64,0.0,Debit Card,COMPLETED,POS-v2
ORD-715430,2,2026-07-26 13:23:07,17,425,93,1,393.66,0.0,Debit Card,Cancelled,POS-v2
ORD-715368,1,2026-07-25 11:12:44,1,384,231,1,161.90,0.0,Debit Card,Completed,POS-v2
ORD-715591,2,2026-07-26 15:27:25,4,171,2,1,328.81,0.0,Cash,Completed,POS-v2
ORD-714762,2,2026-07-22 17:36:24,18,40,167,2,436.64,87.33,Debit Card,Completed,POS-v2
ORD-715340,2,2026-07-25 19:25:20,7,,66,3,9.23,0.0,Gift Card,Completed,POS-v2
ORD-715958,3,2026-07-28 20:04:11,14,,76,1,474.35,0.0,Cash,Completed,POS-v2
ORD-715289,2,2026-07-25 15:51:52,6,633,82,1,597.41,0.0,Debit Card,Completed,POS-v2
ORD-715227,1,2026-07-25 10:20:38,4,26,232,1,40.48,0.0,Debit Card,Completed,POS-v2
ORD-714877,1,2026-07-23 19:19:22,10,786,188,1,117.59,0.0,Gift Card,Completed,POS-v2
ORD-715333,1,2026-07-25 14:16:39,5,85,238,1,111.07,0.0,Cash,Completed,POS-v2
ORD-715956,1,2026-07-28 11:07:32,6,368,78,2,673.47,0.0,Debit Card,Completed,POS-v2
ORD-715447,2,2026-07-26 14:44:12,6,1011,121,1,6.80,0.0,Mobile Pay,Completed,POS-v2
ORD-715205,1,2026-07-25 17:55:54,15,320,136,1,55.76,5.58,Gift Card,Completed,POS-v2
ORD-715297,2,2026-07-25 15:55:45,9,1126,33,1,92.00,0.0,Debit Card,Completed,POS-v2
ORD-715168,1,2026-07-25 18:25:17,16,,206,1,40.72,0.0,Mobile Pay,Completed,POS-v2
ORD-715393,2,2026-07-25 13:22:23,20,810,52,3,244.00,0.0,Cash,Completed,POS-v2
ORD-714633,2,2026-07-22 12:17:59,7,548,213,1,429.01,0.0,Mobile Pay,Completed,POS-v2
ORD-714787,1,2026-07-23 17:09:24,15,861,120,1,91.88,0.0,Mobile Pay,Completed,POS-v2
ORD-715182,2,2026-07-25 14:29:36,16,918,43,1,6.76,0.0,Mobile Pay,Cancelled,POS-v2
ORD-715338,1,2026-07-25 20:14:58,16,,6,1,144.10,0.0,Gift Card,Cancelled,POS-v2
ORD-715623,1,2026-07-26 17:17:01,19,1098,123,1,23.83,0.0,Debit Card,Completed,POS-v2
ORD-714762,1,2026-07-22 17:36:24,18,40,6,1,144.10,28.82,Mobile Pay,Completed,POS-v2
ORD-715495,2,2026-07-26 21:37:19,18,966,174,1,47.32,7.1,Credit Card,Completed,POS-v2
ORD-715463,3,2026-07-26 13:43:51,6,891,70,1,237.97,0.0,Credit Card,Completed,POS-v2
ORD-715140,1,2026-07-24 18:48:10,20,258,140,1,94.75,14.21,Mobile Pay,COMPLETED,POS-v2
ORD-715025,1,2026-07-24 21:13:32,12,745,41,1,15.59,0.0,Credit Card,Completed,POS-v2
ORD-714880,3,2026-07-23 16:37:03,18,219,212,1,40.54,2.03,Mobile Pay,Completed,POS-v2
ORD-716005,2,2026-07-28 12:42:10,17,46,52,3,244.00,0.0,Credit Card,Completed,POS-v2
ORD-715464,1,2026-07-26 14:49:24,4,460,168,1,7.91,0.0,Gift Card,Returned,POS-v2
ORD-523660,1,2023-11-23 18:24:39,13,,139,1,13.55,0.0,Credit Card,Returned,POS-v2
ORD-715268,1,2026-07-25 19:34:10,5,672,90,1,125.43,0.0,Mobile Pay,Completed,POS-v2
ORD-715902,4,2026-07-28 17:09:26,13,,116,1,131.65,0.0,Credit Card,Completed,POS-v2
ORD-714634,2,2026-07-22 20:02:02,10,410,169,1,24.37,3.66,Cash,Completed,POS-v2
ORD-714979,1,2026-07-24 13:19:01,18,,206,3,40.72,0.0,Cash,Completed,POS-v2
ORD-715953,1,2026-07-28 11:49:34,2,504,95,2,9.57,0.0,Cash,Completed,POS-v2
ORD-715519,3,2026-07-26 19:46:54,19,1036,217,1,81.50,0.0,Cash,Cancelled,POS-v2
ORD-715707,2,2026-07-27 18:59:24,8,120,190,1,212.33,0.0,Gift Card,COMPLETED,POS-v2
ORD-715826,2,2026-07-27 20:52:05,14,435,134,1,392.62,0.0,Debit Card,Completed,POS-v2
ORD-714853,1,2026-07-23 14:30:46,17,241,242,1,16.09,0.0,Debit Card,Completed,POS-v2
ORD-715094,2,2026-07-24 13:00:19,12,484,247,1,88.74,0.0,Cash,Cancelled,POS-v2
ORD-715153,1,2026-07-24 15:46:13,9,317,190,2,212.33,84.93,Cash,Completed,POS-v2
ORD-714687,2,2026-07-22 17:24:30,13,317,215,1,95.16,0.0,Cash,Completed,POS-v2
ORD-715587,1,2026-07-26 11:29:04,16,,187,1,111.55,0.0,Mobile Pay,Completed,POS-v2
ORD-715710,3,2026-07-27 16:33:59,13,407,155,1,19.51,1.95,Mobile Pay,Completed,POS-v2
ORD-715714,2,2026-07-27 21:42:17,5,585,185,1,93.73,0.0,Cash,Completed,POS-v2
ORD-715901,2,2026-07-28 17:44:09,18,775,210,2,44.71,0.0,Credit Card,Cancelled,POS-v2
ORD-715657,2,2026-07-26 15:08:52,12,430,246,1,113.08,0.0,Mobile Pay,Completed,POS-v2
ORD-715719,1,2026-07-27 12:13:53,6,212,116,1,131.65,0.0,Gift Card,Completed,POS-v2
ORD-715491,1,2026-07-26 20:59:08,2,,173,1,2.96,0.0,Mobile Pay,Completed,POS-v2
ORD-715280,3,2026-07-25 16:05:49,18,37,205,1,36.36,0.0,Mobile Pay,Completed,POS-v2
ORD-715463,3,2026-07-26 13:43:51,6,891,70,1,237.97,0.0,Credit Card,Completed,POS-v2
ORD-714728,2,2026-07-22 19:12:18,15,782,107,1,108.85,16.33,Gift Card,Completed,POS-v2
ORD-715458,1,2026-07-26 14:17:49,3,,102,1,428.38,0.0,Gift Card,Completed,POS-v2
ORD-716048,1,2026-07-28 17:57:49,13,246,53,1,488.62,0.0,Cash,Completed,POS-v2
ORD-715224,1,2026-07-25 16:13:57,17,594,28,1,204.69,0.0,Debit Card,Completed,POS-v2
ORD-715561,1,2026-07-26 09:07:50,7,,237,1,55.84,11.17,Mobile Pay,Completed,POS-v2
ORD-714918,2,2026-07-23 13:32:51,13,608,90,1,125.43,0.0,Mobile Pay,Completed,POS-v2
ORD-715686,3,2026-07-27 19:00:26,19,378,4,1,6.69,0.67,Mobile Pay,Completed,POS-v2
ORD-714902,3,2026-07-23 13:41:40,1,975,110,1,25.73,0.0,Debit Card,Completed,POS-v2
ORD-715625,1,2026-07-26 10:38:02,10,186,21,1,551.96,0.0,Debit Card,Completed,POS-v2
ORD-715781,2,2026-07-27 21:20:01,21,1007,41,1,15.59,0.0,Cash,Completed,WEB
ORD-715866,1,2026-07-28 11:22:20,1,324,184,1,83.24,0.0,Gift Card,Completed,POS-v2
ORD-715231,1,2026-07-25 19:30:23,21,922,127,1,56.77,0.0,Credit Card,Completed,WEB
ORD-715768,2,2026-07-27 21:21:13,16,16,70,2,237.97,0.0,Credit Card,Completed,POS-v2
ORD-715384,1,2026-07-25 12:55:24,12,548,200,1,42.31,0.0,Mobile Pay,Completed,POS-v2
ORD-715552,1,2026-07-26 13:17:19,2,832,247,3,88.74,0.0,Mobile Pay,CANCELLED,POS-v2
ORD-715597,2,2026-07-26 19:41:18,16,1176,28,1,204.69,40.94,Mobile Pay,Completed,POS-v2
ORD-715914,1,2026-07-28 21:10:26,16,761,169,1,24.37,0.0,Credit Card,Completed,POS-v2
ORD-716008,1,2026-07-28 17:43:08,7,1111,224,1,180.57,9.03,Credit Card,Completed,POS-v2
ORD-715856,1,2026-07-28 21:31:24,12,556,74,1,50.24,0.0,Credit Card,Cancelled,POS-v2
ORD-715215,1,2026-07-25 20:53:05,1,1181,140,1,94.75,0.0,Gift Card,Cancelled,POS-v2
ORD-715845,2,2026-07-27 10:58:04,14,30,165,2,59.42,0.0,Debit Card,COMPLETED,POS-v2
ORD-715936,1,2026-07-28 16:59:14,4,,64,1,127.10,0.0,Mobile Pay,COMPLETED,POS-v2
ORD-715066,4,2026-07-24 16:27:33,8,1018,210,1,44.71,6.71,Mobile Pay,Completed,POS-v2
ORD-715564,1,2026-07-26 16:21:02,4,448,240,1,14.88,0.0,Gift Card,Returned,POS-v2
ORD-715966,1,2026-07-28 19:01:46,14,440,104,1,67.69,0.0,Mobile Pay,Completed,POS-v2
ORD-715386,1,2026-07-25 19:10:59,18,943,12,1,20.16,0.0,Mobile Pay,Completed,POS-v2
ORD-714998,2,2026-07-24 20:00:41,15,178,53,2,488.62,0.0,Credit Card,Completed,POS-v2
ORD-715332,1,2026-07-25 12:07:56,9,846,178,2,17.45,0.0,Mobile Pay,Completed,POS-v2
ORD-715546,2,2026-07-26 16:43:23,8,1110,224,2,180.57,0.0,Gift Card,Completed,POS-v2
ORD-715355,1,2026-07-25 16:15:01,15,524,231,1,161.90,0.0,Mobile Pay,Completed,POS-v2
ORD-715702,1,2026-07-27 20:32:47,15,1133,175,2,14.65,0.0,Cash,Completed,POS-v2
ORD-715809,1,2026-07-27 16:17:30,3,530,150,1,105.01,0.0,Mobile Pay,Completed,POS-v2
ORD-714617,2,2026-07-22 20:06:40,19,736,179,1,799.36,39.97,Gift Card,Completed,POS-v2
ORD-715725,1,2026-07-27 14:15:19,18,159,155,1,19.51,0.0,Mobile Pay,Completed,POS-v2
ORD-715500,1,2026-07-26 21:16:46,8,785,162,1,4.77,0.0,Credit Card,Completed,POS-v2
ORD-715223,2,2026-07-25 18:33:33,6,611,126,1,5.42,0.0,Mobile Pay,Completed,POS-v2
ORD-715117,1,2026-07-24 16:24:31,18,1132,106,1,1186.50,0.0,Credit Card,Completed,POS-v2
ORD-715667,1,2026-07-26 17:59:42,15,771,203,1,53.83,0.0,Debit Card,Completed,POS-v2
ORD-714681,1,2026-07-22 15:26:58,9,928,67,1,16.30,0.0,Debit Card,Completed,POS-v2
ORD-715478,1,2026-07-26 12:53:21,16,632,233,1,50.90,0.0,Mobile Pay,Completed,POS-v2
ORD-715036,1,2026-07-24 21:16:22,8,336,155,1,19.51,0.0,Cash,Completed,POS-v2
ORD-715315,2,2026-07-25 17:03:11,6,723,52,1,244.00,48.8,Credit Card,Completed,POS-v2
ORD-715008,1,2026-07-24 16:10:54,10,339,173,1,2.96,0.0,Credit Card,Completed,POS-v2
ORD-715487,1,2026-07-26 20:53:07,14,95,91,1,299.59,0.0,Debit Card,Completed,POS-v2
ORD-715700,2,2026-07-27 09:32:32,8,,109,1,91.47,0.0,Debit Card,Completed,POS-v2
ORD-715377,1,2026-07-25 16:44:26,12,1147,58,3,10.46,1.57,Credit Card,Returned,POS-v2
ORD-715203,1,2026-07-25 15:37:15,18,176,121,1,6.80,0.34,Cash,Completed,POS-v2
ORD-715224,3,2026-07-25 16:13:57,17,594,201,1,15.47,0.0,Credit Card,Completed,POS-v2
ORD-715769,2,2026-07-27 16:04:50,14,720,163,1,107.45,0.0,Debit Card,Completed,POS-v2
ORD-714830,1,2026-07-23 12:57:47,19,201,164,1,29.32,0.0,Mobile Pay,Completed,POS-v2
ORD-715725,2,2026-07-27 14:15:19,18,159,93,1,393.66,0.0,Cash,Completed,POS-v2
ORD-715044,1,2026-07-24 18:57:17,15,512,159,3,126.56,0.0,Gift Card,Completed,POS-v2
ORD-715895,2,2026-07-28 15:19:44,3,234,30,1,47.70,2.39,Cash,Completed,POS-v2
ORD-715140,3,2026-07-24 18:48:10,20,258,218,2,28.28,0.0,Credit Card,Completed,POS-v2
ORD-715108,2,2026-07-24 19:58:44,6,126,87,2,3.41,0.0,Gift Card,Completed,POS-v2
ORD-715997,1,2026-07-28 08:33:02,2,72,111,1,99.58,0.0,Mobile Pay,Completed,POS-v2
ORD-715362,2,2026-07-25 09:10:30,16,861,68,1,103.58,0.0,Cash,Completed,POS-v2
ORD-715029,2,2026-07-24 10:08:08,5,636,117,1,1117.37,111.74,Gift Card,Completed,POS-v2
ORD-715835,1,2026-07-27 16:36:31,3,1053,22,1,150.38,0.0,Cash,Completed,POS-v2
ORD-716038,2,2026-07-28 15:25:41,17,,57,1,67.39,10.11,Credit Card,Completed,POS-v2
ORD-714865,1,2026-07-23 18:34:31,16,1159,143,2,1.79,0.0,Cash,Returned,POS-v2
ORD-715039,2,2026-07-24 12:09:17,10,800,39,1,47.04,0.0,Cash,Completed,POS-v2
ORD-714755,2,2026-07-22 15:17:33,14,403,54,1,22.37,4.47,Credit Card,Cancelled,POS-v2
ORD-714865,3,2026-07-23 18:34:31,16,1159,19,2,16.07,0.0,Gift Card,Completed,POS-v2
ORD-715271,1,2026-07-25 17:38:20,9,,101,2,1276.11,0.0,Gift Card,Completed,POS-v2
ORD-715290,1,2026-07-25 11:08:47,3,529,106,1,1186.50,0.0,Cash,Completed,POS-v2
ORD-715162,2,2026-07-24 18:41:00,6,792,238,1,111.07,0.0,Cash,Completed,POS-v2
ORD-715082,1,2026-07-24 15:34:56,21,663,140,1,94.75,0.0,Credit Card,Completed,WEB
ORD-715066,2,2026-07-24 16:27:33,8,1018,132,1,29.88,0.0,Debit Card,Completed,POS-v2
ORD-715841,4,2026-07-27 19:55:53,18,,187,1,111.55,5.58,Mobile Pay,Completed,POS-v2
ORD-714691,3,2026-07-22 08:18:50,16,316,87,1,3.41,0.0,Gift Card,Cancelled,POS-v2
ORD-715652,1,2026-07-26 11:24:04,14,,174,1,47.32,0.0,Debit Card,Completed,POS-v2
ORD-715154,2,2026-07-24 15:17:04,11,1059,149,1,134.15,0.0,Gift Card,Completed,POS-v2
ORD-715776,1,2026-07-27 09:40:12,10,,213,1,429.01,0.0,Cash,Completed,POS-v2
ORD-715369,3,2026-07-25 16:43:46,21,408,114,2,51.47,0.0,Mobile Pay,Completed,WEB
ORD-715034,1,2026-07-24 17:27:32,13,290,84,2,50.83,0.0,Mobile Pay,Completed,POS-v2
ORD-714782,1,2026-07-23 21:40:01,18,55,25,2,12.30,0.0,Cash,Completed,POS-v2
ORD-714610,1,2026-07-22 09:57:44,18,1066,55,1,631.41,0.0,Credit Card,Cancelled,POS-v2
ORD-714855,2,2026-07-23 10:44:00,13,439,180,1,84.76,0.0,Cash,Completed,POS-v2
ORD-714675,1,2026-07-22 16:00:19,2,239,217,3,81.50,0.0,Gift Card,Completed,POS-v2
ORD-715429,1,2026-07-26 12:44:13,14,1100,11,1,338.28,0.0,Debit Card,Completed,POS-v2
ORD-715247,1,2026-07-25 13:30:24,6,676,14,1,81.28,0.0,Gift Card,Completed,POS-v2
ORD-715430,1,2026-07-26 13:23:07,17,425,54,3,22.37,0.0,Mobile Pay,Returned,POS-v2
ORD-715860,3,2026-07-28 08:02:29,5,171,181,1,170.57,0.0,Mobile Pay,Completed,POS-v2
ORD-715406,2,2026-07-25 16:31:18,3,577,155,1,19.51,0.0,Debit Card,Returned,POS-v2
ORD-715014,2,2026-07-24 10:13:36,4,635,177,1,35.36,0.0,Mobile Pay,Returned,POS-v2
ORD-715678,1,2026-07-27 16:46:25,5,349,173,1,2.96,0.0,Cash,Returned,POS-v2
ORD-714813,2,2026-07-23 17:14:35,21,550,188,1,117.59,0.0,Debit Card,Completed,WEB
ORD-715502,1,2026-07-26 16:39:10,9,951,151,1,1170.91,0.0,Debit Card,Completed,POS-v2
ORD-715576,2,2026-07-26 08:19:46,1,775,5,1,34.07,0.0,Cash,Completed,POS-v2
ORD-715127,2,2026-07-24 12:02:53,13,389,22,1,150.38,0.0,Cash,Cancelled,POS-v2
ORD-715346,1,2026-07-25 21:50:03,17,108,86,1,2.14,0.43,Cash,Completed,POS-v2
ORD-714615,1,2026-07-22 19:59:08,6,1026,85,1,824.56,123.68,Mobile Pay,Completed,POS-v2
ORD-714880,1,2026-07-23 16:37:03,18,219,140,1,94.75,0.0,Mobile Pay,Completed,POS-v2
ORD-715442,3,2026-07-26 08:52:12,5,495,67,1,16.30,0.0,Debit Card,Completed,POS-v2
ORD-714744,2,2026-07-22 15:21:40,14,687,76,1,474.35,0.0,Gift Card,Completed,POS-v2
ORD-715894,2,2026-07-28 19:27:42,2,948,103,1,37.96,7.59,Mobile Pay,Cancelled,POS-v2
ORD-715040,2,2026-07-24 16:53:22,19,115,151,1,1170.91,0.0,Gift Card,Completed,POS-v2
ORD-714804,1,2026-07-23 14:44:33,18,420,79,2,203.27,0.0,Credit Card,Completed,POS-v2
ORD-715985,1,2026-07-28 16:34:57,13,437,130,1,24.61,0.0,Mobile Pay,Completed,POS-v2
ORD-715759,2,2026-07-27 18:57:42,18,288,13,1,55.30,0.0,Cash,Completed,POS-v2
ORD-715936,4,2026-07-28 16:59:14,4,,90,1,125.43,18.81,Cash,Completed,POS-v2
ORD-715767,1,2026-07-27 10:15:30,13,1055,133,1,602.18,120.44,Mobile Pay,Completed,POS-v2
ORD-715839,4,2026-07-27 08:22:51,19,305,140,1,94.75,0.0,Cash,Completed,POS-v2
ORD-714676,4,2026-07-22 16:25:52,19,372,78,1,$673.47,67.35,Mobile Pay,Completed,POS-v2
ORD-715415,2,2026-07-25 13:46:06,1,317,171,2,63.56,0.0,Debit Card,Completed,POS-v2
ORD-714871,1,2026-07-23 16:50:56,5,1097,142,1,140.07,7.0,Debit Card,Completed,POS-v2
ORD-715772,1,2026-07-27 19:21:56,4,224,186,2,437.54,43.75,Gift Card,Completed,POS-v2
ORD-715214,2,2026-07-25 14:27:53,15,1098,81,3,784.69,0.0,Debit Card,Returned,POS-v2
ORD-714672,2,2026-07-22 11:58:16,14,652,194,1,131.67,0.0,Debit Card,Completed,POS-v2
ORD-714993,2,2026-07-24 17:20:58,6,812,152,1,44.47,0.0,Debit Card,Completed,POS-v2
ORD-715583,1,2026-07-26 21:09:08,19,96,200,1,42.31,6.35,Mobile Pay,Completed,POS-v2
ORD-715270,1,2026-07-25 18:35:43,7,926,37,1,16.94,1.69,Cash,Completed,POS-v2
ORD-714645,2,2026-07-22 12:02:53,14,1147,114,1,51.47,2.57,Gift Card,Returned,POS-v2
ORD-715711,1,2026-07-27 14:00:27,1,1167,249,1,11.47,0.0,Debit Card,Completed,POS-v2
ORD-715106,2,2026-07-24 11:37:27,4,24,185,1,93.73,0.0,Debit Card,Completed,POS-v2
ORD-715862,1,2026-07-28 16:44:19,10,158,58,1,10.46,0.0,Mobile Pay,Returned,POS-v2
ORD-714665,1,2026-07-22 20:40:40,15,1013,74,1,50.24,0.0,Debit Card,Completed,POS-v2
ORD-714658,1,2026-07-22 14:53:37,11,341,158,1,25.03,0.0,Cash,Completed,POS-v2
ORD-714964,1,2026-07-24 14:34:25,5,965,228,1,27.53,0.0,Credit Card,Completed,POS-v2
ORD-714940,2,2026-07-23 21:47:33,16,393,107,1,108.85,10.88,Cash,Completed,POS-v2
ORD-714666,1,2026-07-22 20:52:14,10,573,242,1,16.09,0.0,Cash,Completed,POS-v2
ORD-715340,3,2026-07-25 19:25:20,7,,207,1,70.84,14.17,Gift Card,Completed,POS-v2
ORD-715216,2,2026-07-25 14:36:07,16,1190,237,1,55.84,0.0,Cash,Cancelled,POS-v2
ORD-715505,2,2026-07-26 12:01:06,13,6,5,1,34.07,0.0,Gift Card,RETURNED,POS-v2
ORD-645336,1,2025-08-27 20:50:29,8,765,139,1,13.55,0.0,Cash,Returned,POS-v2
ORD-715791,1,2026-07-27 13:05:37,15,77,202,1,561.01,28.05,Cash,Completed,POS-v2
ORD-715669,1,2026-07-26 18:24:39,11,1130,199,1,11.44,0.0,Mobile Pay,Completed,POS-v2
ORD-715083,2,2026-07-24 14:49:17,16,240,165,2,59.42,0.0,Credit Card,Completed,POS-v2
ORD-715066,3,2026-07-24 16:27:33,8,1018,186,1,437.54,0.0,Debit Card,Completed,POS-v2
ORD-715204,3,2026-07-25 13:22:12,4,1200,180,3,84.76,0.0,Debit Card,Returned,POS-v2
ORD-714767,1,2026-07-22 12:51:41,19,989,140,1,94.75,0.0,Credit Card,Completed,POS-v2
ORD-714736,2,2026-07-22 12:50:27,15,261,244,3,20.58,0.0,Mobile Pay,Completed,POS-v2
ORD-715795,1,2026-07-27 12:52:40,6,364,242,1,16.09,0.0,Credit Card,Cancelled,POS-v2
ORD-714609,2,2026-07-22 19:53:36,6,345,177,2,35.36,0.0,Debit Card,Completed,POS-v2
ORD-714825,1,2026-07-23 17:16:13,16,754,3,3,346.86,0.0,Cash,Completed,POS-v2
ORD-715693,1,2026-07-27 17:20:45,6,507,100,1,70.39,10.56,Debit Card,Cancelled,POS-v2
ORD-714646,2,2026-07-22 20:18:05,6,1115,135,1,9.65,0.0,Debit Card,Cancelled,POS-v2
ORD-715758,1,2026-07-27 11:04:54,7,640,14,1,81.28,0.0,Cash,Completed,POS-v2
ORD-715817,1,2026-07-27 20:32:12,13,931,122,1,1194.92,179.24,Credit Card,Returned,POS-v2
ORD-715234,1,2026-07-25 16:38:19,6,1149,83,1,21.39,0.0,Mobile Pay,Completed,POS-v2
ORD-714963,1,2026-07-24 21:03:00,1,53,216,2,267.06,0.0,Mobile Pay,Cancelled,POS-v2
ORD-714974,1,2026-07-24 20:01:41,11,,12,1,20.16,0.0,Cash,Completed,POS-v2
ORD-715259,3,2026-07-25 09:41:11,8,1093,64,1,127.10,0.0,Debit Card,Completed,POS-v2
ORD-540741,1,2024-02-21 21:12:57,6,,86,1,2.14,0.0,Debit Card,Returned,POS-v2
ORD-714639,1,2026-07-22 14:48:22,21,129,105,1,46.98,0.0,Gift Card,Cancelled,WEB
ORD-716024,1,2026-07-28 20:56:58,1,1074,83,2,21.39,0.0,Cash,Completed,POS-v2
ORD-715899,1,2026-07-28 13:24:11,17,403,32,1,63.67,6.37,Credit Card,Completed,POS-v2
ORD-715336,3,2026-07-25 09:52:29,1,686,190,1,212.33,0.0,Credit Card,Completed,POS-v2
ORD-715267,3,2026-07-25 17:25:30,14,165,125,2,16.05,0.0,Cash,Completed,POS-v2
ORD-714700,1,2026-07-22 12:02:35,11,875,184,1,83.24,0.0,Mobile Pay,Cancelled,POS-v2
ORD-715280,1,2026-07-25 16:05:49,18,37,85,2,824.56,82.46,Gift Card,Completed,POS-v2
ORD-715050,1,2026-07-24 13:22:59,4,251,226,1,300.23,0.0,Mobile Pay,Completed,POS-v2
ORD-714878,3,2026-07-23 14:32:24,4,618,80,2,25.49,7.65,Debit Card,Completed,POS-v2
ORD-715902,1,2026-07-28 17:09:26,13,,202,1,561.01,0.0,Credit Card,Completed,POS-v2
ORD-715685,3,2026-07-27 18:26:06,18,843,214,2,14.10,0.0,Mobile Pay,Returned,POS-v2
ORD-715400,1,2026-07-25 20:36:23,16,1074,80,1,25.49,2.55,Cash,Completed,POS-v2
ORD-715610,2,2026-07-26 16:44:30,13,,179,1,799.36,79.94,Debit Card,Completed,POS-v2
ORD-715385,2,2026-07-25 15:07:40,2,535,101,2,1276.11,0.0,Credit Card,Completed,POS-v2
ORD-715037,2,2026-07-24 17:57:59,3,879,188,1,117.59,0.0,Credit Card,Completed,POS-v2
ORD-715133,1,2026-07-24 19:11:21,4,792,192,1,172.13,0.0,Credit Card,Completed,POS-v2
ORD-715661,1,2026-07-26 15:32:09,2,605,36,1,78.85,0.0,Debit Card,Completed,POS-v2
ORD-715159,1,2026-07-24 16:18:13,14,175,58,1,10.46,0.0,Credit Card,Completed,POS-v2
ORD-715932,2,2026-07-28 20:16:58,9,57,169,1,24.37,0.0,Debit Card,Completed,POS-v2
ORD-714910,3,2026-07-23 15:59:03,14,312,247,1,88.74,0.0,Debit Card,Completed,POS-v2
ORD-715406,3,2026-07-25 16:31:18,3,577,146,1,135.01,0.0,Credit Card,Cancelled,POS-v2
ORD-715048,1,2026-07-24 16:47:06,4,382,195,2,610.56,183.17,Cash,Completed,POS-v2
ORD-715414,3,2026-07-25 13:28:45,14,1173,11,2,338.28,0.0,Credit Card,Completed,POS-v2
ORD-715384,2,2026-07-25 12:55:24,12,548,38,1,15.39,2.31,Mobile Pay,Completed,POS-v2
ORD-587512,2,2024-11-08 17:52:35,19,665,133,5,602.18,0.0,Gift Card,Returned,POS-v2
ORD-715326,1,2026-07-25 16:56:35,1,1033,144,1,45.16,0.0,Debit Card,Cancelled,POS-v2
ORD-715161,1,2026-07-24 17:30:05,1,,182,1,195.25,9.76,Debit Card,Completed,POS-v2
ORD-714798,2,2026-07-23 12:35:52,15,340,81,1,784.69,0.0,Credit Card,Completed,POS-v2
ORD-715889,1,2026-07-28 19:40:58,11,486,2,1,328.81,0.0,Cash,Completed,POS-v2
ORD-715509,1,2026-07-26 19:00:37,20,205,121,2,6.80,0.0,Gift Card,Completed,POS-v2
ORD-715457,2,2026-07-26 11:42:58,17,,78,1,673.47,0.0,Debit Card,Completed,POS-v2
ORD-714981,3,2026-07-24 18:02:20,9,816,208,1,74.89,0.0,Credit Card,Cancelled,POS-v2
ORD-715439,2,2026-07-26 17:16:47,6,793,6,1,144.10,0.0,Credit Card,Completed,POS-v2
ORD-715746,1,2026-07-27 20:16:19,5,951,226,1,300.23,0.0,Credit Card,Completed,POS-v2
ORD-715339,1,2026-07-25 14:38:53,4,1129,165,1,59.42,8.91,Mobile Pay,Completed,POS-v2
ORD-714983,1,2026-07-24 16:58:42,7,601,27,2,125.91,0.0,Credit Card,Completed,POS-v2
ORD-529521,1,2023-12-17 18:50:27,20,,36,1,78.85,0.0,Mobile Pay,Returned,POS-v2
ORD-715622,2,2026-07-26 20:51:51,13,1190,56,1,21.79,0.0,Gift Card,RETURNED,POS-v2
ORD-715097,1,2026-07-24 17:54:39,14,,172,1,136.55,0.0,Credit Card,Completed,POS-v2
ORD-715619,1,2026-07-26 08:45:41,9,277,40,2,364.97,0.0,Credit Card,Completed,POS-v2
ORD-715017,1,2026-07-24 15:37:33,17,147,180,2,84.76,0.0,Debit Card,Completed,POS-v2
ORD-715105,1,2026-07-24 16:26:47,9,,125,1,16.05,0.0,Mobile Pay,Completed,POS-v2
ORD-647742,1,2025-09-09 16:16:52,11,450,26,1,24.96,1.25,Credit Card,Returned,POS-v2
ORD-715286,1,2026-07-25 14:38:55,11,1059,148,1,71.49,0.0,Cash,Completed,POS-v2
ORD-714802,1,2026-07-23 17:01:42,19,10,167,1,436.64,21.83,Gift Card,Completed,POS-v2
ORD-674406,1,2025-12-28 13:34:36,3,28,77,3,361.16,162.52,Mobile Pay,Returned,POS-v2
ORD-715000,1,2026-07-24 11:53:19,19,942,247,1,88.74,17.75,Debit Card,Returned,POS-v2
ORD-715800,2,2026-07-27 20:17:11,1,845,149,2,134.15,53.66,Cash,Completed,POS-v2
ORD-715388,1,2026-07-25 16:34:41,20,899,248,1,545.72,0.0,Gift Card,Completed,POS-v2
ORD-715458,2,07/26/2026 14:17,3,,149,1,134.15,0.0,Credit Card,Cancelled,POS-v2
ORD-714693,1,2026-07-22 20:14:49,19,343,47,1,481.76,0.0,Debit Card,Completed,POS-v2
ORD-714735,1,2026-07-22 11:20:03,6,842,57,1,67.39,0.0,Gift Card,Returned,POS-v2
ORD-714816,3,2026-07-23 15:05:17,4,154,68,1,103.58,0.0,Debit Card,Completed,POS-v2
ORD-715394,2,2026-07-25 14:48:47,12,75,8,1,16.90,0.0,Gift Card,Completed,POS-v2
ORD-715040,1,2026-07-24 16:53:22,19,115,31,1,69.04,0.0,Gift Card,Completed,POS-v2
ORD-715406,1,2026-07-25 16:31:18,3,577,119,1,438.82,0.0,Gift Card,Completed,POS-v2
ORD-714991,1,2026-07-24 10:34:57,20,1035,147,1,60.30,0.0,Cash,Completed,POS-v2
ORD-714682,1,2026-07-22 15:41:25,5,,188,1,117.59,0.0,Gift Card,Completed,POS-v2
ORD-715582,1,2026-07-26 19:19:48,1,1053,233,1,50.90,7.63,Cash,Completed,POS-v2
ORD-715969,1,2026-07-28 12:09:23,18,,12,1,20.16,0.0,Gift Card,Returned,POS-v2
ORD-715857,2,2026-07-28 17:34:42,10,380,227,2,134.16,0.0,Debit Card,Completed,POS-v2
ORD-715793,1,2026-07-27 21:45:20,19,,77,2,361.16,0.0,Gift Card,Completed,POS-v2
ORD-601308,2,2024-12-29 11:41:59,9,144,190,3,212.33,0.0,Debit Card,Returned,POS-v2
ORD-715183,1,2026-07-25 10:48:42,12,379,159,2,126.56,0.0,Cash,Completed,POS-v2
ORD-714928,3,2026-07-23 19:22:00,18,129,54,1,22.37,0.0,Credit Card,Completed,POS-v2
ORD-715192,1,2026-07-25 19:04:12,13,223,231,1,161.90,0.0,Credit Card,Completed,POS-v2
ORD-715172,1,2026-07-25 12:03:56,11,1181,129,1,24.64,0.0,Credit Card,Completed,POS-v2
ORD-715950,1,2026-07-28 10:40:54,19,213,164,1,29.32,0.0,Debit Card,COMPLETED,POS-v2
ORD-715480,2,2026-07-26 09:41:09,20,344,217,1,81.50,0.0,Mobile Pay,Completed,POS-v2
ORD-715581,2,2026-07-26 13:04:01,21,981,46,1,19.79,0.0,Gift Card,Completed,WEB
ORD-715442,2,2026-07-26 08:52:12,5,495,128,1,72.85,7.29,Mobile Pay,Completed,POS-v2
ORD-715289,3,07/25/2026 15:51,6,633,125,1,16.05,0.0,Credit Card,Completed,POS-v2
ORD-715995,1,2026-07-28 16:14:36,14,1041,4,1,6.69,1.0,Cash,Cancelled,POS-v2
ORD-715653,2,2026-07-26 18:43:15,12,1030,67,1,16.30,0.0,Debit Card,Completed,POS-v2
ORD-716021,1,2026-07-28 16:11:19,17,834,22,2,150.38,0.0,Credit Card,Completed,POS-v2
ORD-714872,2,2026-07-23 17:43:15,20,693,174,1,47.32,0.0,Gift Card,Completed,POS-v2
ORD-715084,1,2026-07-24 11:43:09,19,489,33,1,92.00,0.0,Credit Card,Returned,POS-v2
ORD-714820,1,2026-07-23 18:14:47,13,759,125,1,16.05,0.0,Mobile Pay,Completed,POS-v2
ORD-714722,1,2026-07-22 15:22:42,5,249,57,1,67.39,6.74,Gift Card,Completed,POS-v2
ORD-715086,1,2026-07-24 17:33:51,3,,99,1,65.31,0.0,Cash,Completed,POS-v2
ORD-715187,1,2026-07-25 13:18:47,17,,31,1,69.04,3.45,Cash,Completed,POS-v2
ORD-715858,2,2026-07-28 19:55:16,16,714,104,2,67.69,0.0,Mobile Pay,Completed,POS-v2
ORD-714694,3,2026-07-22 16:22:21,18,860,231,2,161.90,0.0,Debit Card,Completed,POS-v2
ORD-715482,3,2026-07-26 11:00:54,6,831,11,1,338.28,0.0,Mobile Pay,Completed,POS-v2
ORD-561571,1,2024-06-20 20:53:14,21,638,53,2,488.62,0.0,Cash,Returned,WEB
ORD-715175,1,2026-07-25 21:06:58,21,871,45,1,11.11,0.0,Gift Card,Completed,WEB
ORD-509166,1,2023-09-07 16:38:33,15,602,215,1,95.16,0.0,Credit Card,Returned,POS-v2
ORD-715057,2,2026-07-24 09:19:20,9,607,191,2,85.90,25.77,Mobile Pay,Returned,POS-v2
ORD-715360,1,2026-07-25 14:15:32,17,1081,82,1,597.41,59.74,Mobile Pay,Completed,POS-v2
ORD-715562,3,2026-07-26 20:23:01,1,6,197,1,68.48,0.0,Mobile Pay,Completed,POS-v2
ORD-715257,2,2026-07-25 16:32:39,7,,5,1,34.07,0.0,Debit Card,Completed,POS-v2
ORD-715886,1,2026-07-28 17:18:18,12,1141,31,1,69.04,0.0,Mobile Pay,Completed,POS-v2
ORD-715033,2,2026-07-24 11:23:57,7,1150,226,1,300.23,0.0,Mobile Pay,Cancelled,POS-v2
ORD-715812,3,2026-07-27 16:46:48,18,47,175,3,14.65,0.0,Credit Card,Completed,POS-v2
ORD-715559,3,2026-07-26 12:13:53,6,759,160,1,1082.37,0.0,Credit Card,Completed,POS-v2
ORD-715066,1,2026-07-24 16:27:33,8,1018,197,2,68.48,0.0,Cash,Completed,POS-v2
ORD-715513,2,2026-07-26 18:00:31,16,45,168,3,7.91,0.0,Debit Card,Returned,POS-v2
ORD-714795,1,2026-07-23 11:40:48,3,858,150,2,105.01,0.0,Debit Card,Completed,POS-v2
ORD-715193,3,2026-07-25 18:30:54,1,259,58,3,10.46,4.71,Gift Card,Completed,POS-v2
ORD-715363,4,2026-07-25 20:40:26,1,584,23,1,5.78,0.0,Gift Card,Completed,POS-v2
ORD-715708,4,2026-07-27 15:47:11,13,54,206,1,40.72,0.0,Cash,Completed,POS-v2
ORD-715467,2,2026-07-26 12:41:19,8,758,221,1,17.16,0.0,Mobile Pay,Cancelled,POS-v2
ORD-715686,1,2026-07-27 19:00:26,19,378,45,1,11.11,0.0,Mobile Pay,Completed,POS-v2
ORD-715708,4,2026-07-27 15:47:11,13,54,206,1,40.72,0.0,Cash,Completed,POS-v2
ORD-715784,1,2026-07-27 16:42:40,13,256,73,1,156.03,0.0,Gift Card,Completed,POS-v2
ORD-715351,1,2026-07-25 14:43:44,8,366,237,3,55.84,0.0,Mobile Pay,Completed,POS-v2
ORD-715644,1,2026-07-26 17:57:24,14,63,194,1,131.67,13.17,Debit Card,Completed,POS-v2
ORD-715393,3,2026-07-25 13:22:23,20,810,67,1,16.30,0.0,Credit Card,Completed,POS-v2
ORD-715514,4,2026-07-26 14:25:10,18,596,163,2,107.45,0.0,Debit Card,Completed,POS-v2
ORD-715021,1,2026-07-24 12:32:22,4,51,27,1,125.91,0.0,Cash,Completed,POS-v2
ORD-715090,1,2026-07-24 12:36:41,5,759,154,3,41.08,0.0,Credit Card,Returned,POS-v2
ORD-715923,3,2026-07-28 17:27:49,1,704,195,3,610.56,0.0,Gift Card,Completed,POS-v2
ORD-714846,1,2026-07-23 16:11:48,10,11,235,1,129.37,0.0,Credit Card,Completed,POS-v2
ORD-715098,2,2026-07-24 19:33:17,17,,57,1,67.39,0.0,Mobile Pay,Completed,POS-v2
ORD-714896,2,2026-07-23 12:23:34,16,851,99,1,65.31,0.0,Debit Card,Completed,POS-v2
ORD-714694,1,2026-07-22 16:22:21,18,860,110,3,25.73,0.0,Mobile Pay,Completed,POS-v2
ORD-715511,2,2026-07-26 12:15:03,11,1139,103,1,37.96,0.0,Credit Card,Completed,POS-v2
ORD-714711,1,2026-07-22 16:04:31,8,,95,1,9.57,0.0,Mobile Pay,Completed,POS-v2
ORD-715955,1,2026-07-28 20:30:56,9,204,163,1,107.45,10.75,Cash,Returned,POS-v2
ORD-715640,1,2026-07-26 14:16:38,19,73,104,1,67.69,0.0,Mobile Pay,Cancelled,POS-v2
ORD-715830,3,2026-07-27 17:13:28,21,547,145,1,20.64,3.1,Credit Card,Completed,WEB
ORD-715630,1,2026-07-26 10:42:00,8,732,122,1,1194.92,0.0,Cash,Completed,POS-v2
ORD-715538,1,2026-07-26 14:32:45,15,,150,5,105.01,0.0,Mobile Pay,Completed,POS-v2
ORD-714790,1,2026-07-23 17:26:12,12,,215,1,95.16,0.0,Mobile Pay,Completed,POS-v2
ORD-714834,1,2026-07-23 18:20:36,16,242,249,1,11.47,0.0,Cash,Completed,POS-v2
ORD-714837,1,2026-07-23 17:24:43,8,932,175,1,14.65,0.0,Cash,Completed,POS-v2
ORD-715454,2,2026-07-26 13:23:55,9,554,143,2,1.79,0.0,Credit Card,Completed,POS-v2
ORD-715928,1,2026-07-28 09:34:55,11,50,243,1,57.56,0.0,Mobile Pay,Completed,POS-v2
ORD-715201,2,2026-07-25 15:55:53,11,982,35,1,11.26,0.0,Mobile Pay,Completed,POS-v2
ORD-716043,2,2026-07-28 12:21:14,10,1016,215,1,95.16,0.0,Mobile Pay,Completed,POS-v2
ORD-715313,1,2026-07-25 19:09:15,12,89,222,1,528.97,0.0,Debit Card,Completed,POS-v2
ORD-714736,1,2026-07-22 12:50:27,15,261,212,3,40.54,0.0,Gift Card,Completed,POS-v2
ORD-715570,1,2026-07-26 21:24:39,2,223,181,1,170.57,0.0,Mobile Pay,Completed,POS-v2
ORD-714661,1,2026-07-22 13:34:33,18,71,101,1,1276.11,0.0,Debit Card,Completed,POS-v2
ORD-715889,2,2026-07-28 19:40:58,11,486,159,1,126.56,0.0,Credit Card,Returned,POS-v2
ORD-715206,1,2026-07-25 10:41:33,3,52,105,1,46.98,0.0,Cash,Completed,POS-v2
ORD-714854,2,2026-07-23 12:50:34,20,,14,1,81.28,0.0,Debit Card,Returned,POS-v2
ORD-715220,1,2026-07-25 11:29:15,5,664,176,1,305.12,0.0,Gift Card,Completed,POS-v2
ORD-716024,3,2026-07-28 20:56:58,1,1074,118,2,345.48,0.0,Mobile Pay,Completed,POS-v2
ORD-645319,4,2025-08-27 20:30:24,4,1056,127,1,56.77,11.35,Debit Card,Returned,POS-v2
ORD-715377,2,2026-07-25 16:44:26,12,1147,156,1,385.29,0.0,Gift Card,Completed,POS-v2
ORD-714695,2,2026-07-22 21:53:15,3,452,196,2,50.99,0.0,Credit Card,Completed,POS-v2
ORD-714605,2,2026-07-22 16:59:59,16,312,6,2,144.10,14.41,Cash,Completed,POS-v2
ORD-715910,1,2026-07-28 19:48:58,8,13,122,5,1194.92,597.46,Mobile Pay,Completed,POS-v2
ORD-715072,1,2026-07-24 15:44:05,17,1091,211,1,34.56,0.0,Credit Card,Completed,POS-v2
ORD-714674,1,2026-07-22 14:17:27,1,749,71,1,11.90,2.38,Gift Card,Completed,POS-v2
ORD-714989,1,2026-07-24 17:32:27,21,1200,196,1,50.99,7.65,Mobile Pay,Completed,WEB
ORD-715760,1,2026-07-27 17:55:10,4,742,92,2,116.18,0.0,Credit Card,Completed,POS-v2
ORD-714611,1,2026-07-22 16:48:20,6,561,194,2,131.67,13.17,Credit Card,Completed,POS-v2
ORD-715733,1,2026-07-27 13:09:21,16,936,159,1,126.56,0.0,Mobile Pay,Cancelled,POS-v2
ORD-628177,1,2025-05-30 20:43:38,12,216,178,1,17.45,3.49,Debit Card,Returned,POS-v2
ORD-714942,1,2026-07-23 18:37:41,14,253,201,1,15.47,0.0,Credit Card,Completed,POS-v2
ORD-715887,1,2026-07-28 18:19:03,11,221,69,3,392.90,117.87,Cash,Completed,POS-v2
ORD-715096,2,2026-07-24 14:50:54,7,861,203,1,53.83,0.0,Credit Card,Completed,POS-v2
ORD-715438,2,2026-07-26 15:09:42,9,,106,2,1186.50,0.0,Cash,Completed,POS-v2
ORD-715609,1,2026-07-26 19:23:34,10,1141,184,2,83.24,24.97,Cash,Completed,POS-v2
ORD-716043,1,2026-07-28 12:21:14,10,1016,192,1,172.13,0.0,Debit Card,Returned,POS-v2
ORD-715398,1,2026-07-25 20:41:41,10,1059,155,1,19.51,0.0,Debit Card,Completed,POS-v2
ORD-715430,3,2026-07-26 13:23:07,17,425,159,3,126.56,18.98,Cash,Completed,POS-v2
ORD-716005,1,2026-07-28 12:42:10,17,46,146,3,135.01,0.0,Gift Card,Completed,POS-v2
ORD-715096,1,2026-07-24 14:50:54,7,861,161,2,426.31,0.0,Debit Card,Completed,POS-v2
ORD-714919,4,2026-07-23 08:18:38,6,101,200,1,42.31,0.0,Credit Card,Completed,POS-v2
ORD-714638,1,2026-07-22 18:38:03,9,1050,59,1,2.47,0.0,Debit Card,Completed,POS-v2
ORD-715588,2,2026-07-26 18:09:11,21,1131,108,2,152.24,15.22,Credit Card,Completed,WEB
ORD-715747,2,2026-07-27 16:55:15,1,459,121,2,6.80,0.0,Debit Card,Completed,POS-v2
ORD-714945,1,2026-07-23 14:05:34,11,6,240,1,14.88,0.0,Debit Card,Completed,POS-v2
ORD-715221,1,2026-07-25 15:04:15,20,1005,87,1,3.41,0.0,Credit Card,Completed,POS-v2
ORD-715951,4,2026-07-28 14:18:12,19,241,69,1,392.90,0.0,Credit Card,Completed,POS-v2
ORD-715211,1,2026-07-25 21:58:31,2,340,144,1,45.16,0.0,Mobile Pay,Completed,POS-v2
ORD-715708,2,2026-07-27 15:47:11,13,54,166,1,4.90,0.25,Gift Card,Completed,POS-v2
ORD-715155,2,2026-07-24 20:14:16,8,79,147,5,60.30,0.0,Debit Card,Completed,POS-v2
ORD-715542,1,2026-07-26 09:03:14,13,156,164,2,$29.32,0.0,Credit Card,Completed,POS-v2
ORD-715816,2,2026-07-27 20:08:14,14,627,240,5,14.88,3.72,Mobile Pay,Completed,POS-v2
ORD-715399,1,2026-07-25 13:05:53,20,249,171,2,63.56,0.0,Debit Card,Completed,POS-v2
ORD-715974,2,2026-07-28 14:40:17,3,872,99,1,65.31,0.0,Debit Card,Completed,POS-v2
ORD-714984,2,2026-07-24 13:14:08,19,,246,1,113.08,0.0,Mobile Pay,Completed,POS-v2
ORD-714823,1,2026-07-23 21:44:39,5,,128,1,72.85,0.0,Credit Card,COMPLETED,POS-v2
ORD-715984,1,2026-07-28 15:11:39,20,963,108,1,152.24,0.0,Cash,Completed,POS-v2
ORD-715633,3,2026-07-26 09:31:26,12,943,57,1,67.39,0.0,Debit Card,Completed,POS-v2
ORD-715312,1,2026-07-25 11:39:22,5,278,96,1,66.59,0.0,Debit Card,Completed,POS-v2
ORD-715742,3,2026-07-27 12:37:16,19,273,44,2,97.85,0.0,Mobile Pay,Completed,POS-v2
ORD-715156,1,2026-07-24 10:11:27,14,754,122,2,1194.92,0.0,Cash,Completed,POS-v2
ORD-715755,2,07/27/2026 14:10,11,,61,2,47.01,0.0,Cash,Completed,POS-v2
ORD-714789,1,2026-07-23 09:52:36,17,962,39,2,47.04,4.7,Credit Card,Completed,POS-v2
ORD-715323,2,2026-07-25 11:18:52,1,,64,1,127.10,12.71,Credit Card,Completed,POS-v2
ORD-715947,1,2026-07-28 11:30:51,6,627,213,2,429.01,0.0,Gift Card,Completed,POS-v2
ORD-715865,1,2026-07-28 11:35:04,6,251,123,1,23.83,0.0,Credit Card,Completed,POS-v2
ORD-715334,1,2026-07-25 12:51:49,12,1131,122,2,1194.92,0.0,Gift Card,Completed,POS-v2
ORD-715010,1,2026-07-24 17:01:05,19,1191,202,1,561.01,0.0,Cash,Completed,POS-v2
ORD-715207,1,2026-07-25 13:13:49,20,498,190,2,212.33,21.23,Mobile Pay,Completed,POS-v2
ORD-715907,1,2026-07-28 21:47:24,2,426,52,2,244.00,0.0,Credit Card,Completed,POS-v2
ORD-663003,1,2025-11-18 15:17:10,14,469,218,1,28.28,5.66,Cash,Returned,POS-v2
ORD-715958,1,2026-07-28 20:04:11,14,,91,2,299.59,0.0,Cash,Completed,POS-v2
ORD-715405,1,2026-07-25 16:29:06,15,355,173,1,2.96,0.0,Cash,Completed,POS-v2
ORD-714642,1,2026-07-22 20:22:30,2,,28,2,204.69,0.0,Gift Card,Completed,POS-v2
ORD-714855,3,2026-07-23 10:44:00,13,439,21,3,551.96,0.0,Credit Card,Completed,POS-v2
ORD-714656,2,2026-07-22 11:12:52,10,960,68,1,103.58,0.0,Credit Card,Cancelled,POS-v2
ORD-715695,3,2026-07-27 12:40:16,11,510,127,2,56.77,0.0,Gift Card,Cancelled,POS-v2
ORD-714660,1,2026-07-22 16:49:46,14,798,89,1,293.17,0.0,Gift Card,Completed,POS-v2
ORD-715483,2,2026-07-26 14:23:22,15,885,10,1,29.56,0.0,Debit Card,COMPLETED,POS-v2
ORD-715983,2,2026-07-28 10:41:38,21,,71,3,11.90,0.0,Debit Card,Completed,WEB
ORD-715933,1,2026-07-28 10:33:59,9,740,184,1,83.24,0.0,Cash,Cancelled,POS-v2
ORD-715336,1,2026-07-25 09:52:29,1,686,112,5,79.39,0.0,Debit Card,Completed,POS-v2
ORD-715180,1,2026-07-25 10:03:02,8,637,154,1,41.08,0.0,Cash,Completed,POS-v2
ORD-715330,1,2026-07-25 21:04:24,6,,72,1,24.49,0.0,Cash,Completed,POS-v2
ORD-555634,1,2024-05-17 15:21:37,9,694,11,1,338.28,0.0,Debit Card,Returned,POS-v2
ORD-538068,1,02/03/2024 16:51,9,311,113,2,9.01,0.0,Mobile Pay,Returned,POS-v2
ORD-715978,2,2026-07-28 15:20:16,13,766,167,1,436.64,65.5,Cash,Completed,POS-v2
ORD-714864,1,2026-07-23 18:40:30,3,133,144,1,45.16,0.0,Cash,Returned,POS-v2
ORD-714806,1,2026-07-23 18:26:57,4,941,25,1,12.30,0.0,Debit Card,Completed,POS-v2
ORD-715874,1,2026-07-28 20:11:59,10,,4,2,6.69,0.0,Credit Card,Completed,POS-v2
ORD-715951,2,2026-07-28 14:18:12,19,241,97,2,49.27,0.0,Credit Card,Completed,POS-v2
ORD-715719,2,2026-07-27 12:13:53,6,212,83,1,21.39,0.0,Gift Card,Completed,POS-v2
ORD-714949,1,2026-07-23 11:44:28,20,,121,2,6.80,0.0,Debit Card,Completed,POS-v2
ORD-714935,1,07/23/2026 17:29,18,74,2,1,328.81,0.0,Credit Card,Cancelled,POS-v2
ORD-715852,2,2026-07-28 14:40:18,3,499,69,1,392.90,19.64,Debit Card,Completed,POS-v2
ORD-715087,1,2026-07-24 21:15:17,16,,228,1,27.53,0.0,Mobile Pay,Completed,POS-v2
ORD-714910,2,2026-07-23 15:59:03,14,312,38,1,15.39,0.0,Cash,Completed,POS-v2
ORD-715311,1,2026-07-25 16:37:53,15,838,120,1,91.88,0.0,Debit Card,Completed,POS-v2
ORD-715132,1,2026-07-24 14:59:43,16,,202,1,561.01,56.1,Cash,Completed,POS-v2
ORD-715300,1,2026-07-25 14:21:54,19,452,236,1,61.31,0.0,Cash,Cancelled,POS-v2
ORD-715085,2,2026-07-24 17:28:15,15,548,194,1,131.67,19.75,Gift Card,Completed,POS-v2
ORD-715545,2,2026-07-26 14:49:44,9,745,158,1,25.03,0.0,Credit Card,Returned,POS-v2
ORD-715676,2,2026-07-27 15:26:34,14,298,33,1,92.00,0.0,Credit Card,Completed,POS-v2
ORD-714795,1,2026-07-23 11:40:48,3,858,150,2,105.01,0.0,Debit Card,Completed,POS-v2
ORD-715762,3,2026-07-27 14:27:18,5,,148,2,71.49,0.0,Gift Card,Completed,POS-v2
ORD-714986,3,2026-07-24 20:31:43,16,1166,105,3,46.98,0.0,Gift Card,Completed,POS-v2
ORD-715255,1,2026-07-25 18:13:47,10,,250,1,15.57,0.0,Debit Card,Returned,POS-v2
ORD-715774,1,2026-07-27 11:55:34,8,394,210,1,44.71,0.0,Mobile Pay,Completed,POS-v2
ORD-715511,3,2026-07-26 12:15:03,11,1139,123,1,23.83,0.0,Gift Card,Completed,POS-v2
ORD-714770,2,2026-07-22 19:41:53,7,630,247,3,88.74,0.0,Debit Card,Completed,POS-v2
ORD-716014,1,2026-07-28 11:22:27,7,253,132,2,29.88,0.0,Debit Card,Completed,POS-v2
ORD-714609,1,2026-07-22 19:53:36,6,345,126,1,5.42,0.0,Debit Card,Completed,POS-v2
ORD-715729,2,2026-07-27 15:17:41,8,916,162,1,4.77,0.0,Mobile Pay,Returned,POS-v2
ORD-715833,1,2026-07-27 19:35:36,12,469,176,1,305.12,0.0,Mobile Pay,Completed,POS-v2
ORD-715473,1,2026-07-26 16:07:50,6,1039,93,1,393.66,0.0,Cash,Completed,POS-v2
ORD-715303,2,2026-07-25 13:09:15,1,,51,1,7.15,0.0,Debit Card,Completed,POS-v2
ORD-715381,2,2026-07-25 09:05:58,18,915,66,1,9.23,0.0,Gift Card,Cancelled,POS-v2
ORD-715077,1,2026-07-24 14:27:56,16,401,93,1,393.66,0.0,Cash,Completed,POS-v2
ORD-715802,1,2026-07-27 18:34:31,15,526,118,2,345.48,0.0,Gift Card,Completed,POS-v2
ORD-715955,2,2026-07-28 20:30:56,9,204,221,2,17.16,0.0,Credit Card,Completed,POS-v2
ORD-714650,1,2026-07-22 14:01:37,4,1092,25,1,12.30,2.46,Cash,Completed,POS-v2
ORD-714981,1,2026-07-24 18:02:20,9,816,28,2,204.69,20.47,Gift Card,Completed,POS-v2
ORD-715743,2,2026-07-27 15:37:06,8,385,230,1,40.82,0.0,Credit Card,Completed,POS-v2
ORD-715496,1,2026-07-26 20:08:55,13,361,75,1,101.78,15.27,Debit Card,Cancelled,POS-v2
ORD-715258,1,2026-07-25 10:34:51,21,23,161,3,426.31,0.0,Mobile Pay,Completed,WEB
ORD-716015,2,2026-07-28 19:33:51,13,943,5,3,34.07,0.0,Credit Card,Completed,POS-v2
ORD-714840,1,2026-07-23 17:47:31,21,946,78,1,673.47,0.0,Cash,Cancelled,WEB
ORD-715944,1,2026-07-28 14:59:44,4,2,9,1,10.43,0.0,Mobile Pay,Returned,POS-v2
ORD-715601,1,2026-07-26 15:54:13,11,582,3,1,346.86,0.0,Mobile Pay,Returned,POS-v2
ORD-714945,2,2026-07-23 14:05:34,11,6,143,3,1.79,0.0,Credit Card,Completed,POS-v2
ORD-715333,3,2026-07-25 14:16:39,5,85,188,1,117.59,0.0,Debit Card,Completed,POS-v2
ORD-715198,4,2026-07-25 14:46:01,11,165,101,1,1276.11,0.0,Debit Card,Completed,POS-v2
ORD-715728,2,2026-07-27 16:34:09,3,1070,77,1,361.16,0.0,Cash,Completed,POS-v2
ORD-714624,1,2026-07-22 18:40:52,2,528,45,1,11.11,0.0,Debit Card,Completed,POS-v2
ORD-715411,3,2026-07-25 16:35:18,18,,130,1,24.61,0.0,Debit Card,Completed,POS-v2
ORD-714676,3,2026-07-22 16:25:52,19,372,47,1,481.76,48.18,Cash,Completed,POS-v2
ORD-715423,1,2026-07-26 10:27:39,6,,99,1,65.31,0.0,Cash,Returned,POS-v2
ORD-715836,2,2026-07-27 15:58:24,16,27,94,2,376.00,0.0,Gift Card,Completed,POS-v2
ORD-714605,1,2026-07-22 16:59:59,16,312,165,1,59.42,8.91,Mobile Pay,Completed,POS-v2
ORD-715251,1,2026-07-25 10:43:28,20,930,27,1,125.91,0.0,Debit Card,Completed,POS-v2
ORD-715755,3,2026-07-27 14:10:19,11,,156,1,385.29,77.06,Credit Card,Cancelled,POS-v2
ORD-715577,1,2026-07-26 16:57:30,6,301,250,3,15.57,0.0,Debit Card,Completed,POS-v2
ORD-715697,1,2026-07-27 15:34:41,9,502,77,1,361.16,0.0,Cash,Completed,POS-v2
ORD-714832,1,2026-07-23 12:00:30,1,1126,194,2,131.67,0.0,Credit Card,COMPLETED,POS-v2
ORD-715730,1,2026-07-27 18:02:24,18,1082,83,1,21.39,0.0,Debit Card,Completed,POS-v2
ORD-715213,1,2026-07-25 11:46:25,9,514,135,1,9.65,0.0,Credit Card,Completed,POS-v2
ORD-715841,1,2026-07-27 19:55:53,18,,63,1,113.03,16.95,Mobile Pay,Cancelled,POS-v2
ORD-715921,1,2026-07-28 18:31:09,21,993,13,1,55.30,0.0,Cash,Completed,WEB
ORD-715553,1,2026-07-26 18:20:01,7,615,208,1,74.89,0.0,Mobile Pay,Completed,POS-v2
ORD-715639,1,2026-07-26 10:19:17,21,1020,188,1,117.59,0.0,Debit Card,Completed,WEB
ORD-714788,1,2026-07-23 15:58:18,21,413,40,3,364.97,0.0,Debit Card,Completed,WEB
ORD-714683,2,2026-07-22 08:26:44,2,1174,139,1,13.55,0.0,Debit Card,Completed,POS-v2
ORD-715085,3,2026-07-24 17:28:15,15,548,25,1,12.30,0.0,Debit Card,Completed,POS-v2
ORD-715042,1,2026-07-24 09:25:55,7,912,95,-1,9.57,0.0,Credit Card,Returned,POS-v2
ORD-715236,1,2026-07-25 15:37:14,21,160,166,2,4.90,0.0,Debit Card,Completed,WEB
ORD-715329,3,2026-07-25 17:27:33,18,735,200,1,42.31,0.0,Debit Card,Completed,POS-v2
ORD-715525,1,2026-07-26 18:01:29,1,1138,176,2,305.12,0.0,Gift Card,Completed,POS-v2
ORD-715655,2,2026-07-26 15:19:02,20,,229,1,23.72,0.0,Mobile Pay,Completed,POS-v2
ORD-715244,2,2026-07-25 20:21:09,11,1049,55,1,631.41,0.0,Debit Card,Completed,POS-v2
ORD-715121,1,2026-07-24 17:02:27,1,986,102,1,428.38,0.0,Cash,Completed,POS-v2
ORD-716033,1,2026-07-28 15:02:59,7,,22,1,150.38,0.0,Gift Card,Completed,POS-v2
ORD-715603,1,2026-07-26 12:23:45,6,602,158,1,25.03,0.0,Debit Card,Completed,POS-v2
ORD-714732,1,2026-07-22 12:53:12,5,314,33,2,92.00,0.0,Mobile Pay,Cancelled,POS-v2
ORD-715369,4,2026-07-25 16:43:46,21,408,187,1,111.55,0.0,Debit Card,Returned,WEB
ORD-715647,3,2026-07-26 11:28:46,18,509,190,1,212.33,0.0,Cash,Completed,POS-v2
ORD-715938,2,2026-07-28 17:18:45,9,441,211,1,34.56,0.0,Mobile Pay,Cancelled,POS-v2
ORD-715474,2,2026-07-26 17:02:05,15,367,154,1,41.08,0.0,Gift Card,Completed,POS-v2
ORD-509227,1,2023-09-08 18:27:57,3,729,134,1,392.62,0.0,Credit Card,Returned,POS-v2
ORD-714934,1,2026-07-23 19:05:13,15,828,93,1,393.66,0.0,Mobile Pay,Completed,POS-v2
ORD-715878,1,2026-07-28 18:56:47,11,743,75,1,101.78,10.18,Cash,Completed,POS-v2
ORD-715925,2,2026-07-28 13:45:33,1,47,94,1,376.00,0.0,Cash,Completed,POS-v2
ORD-715409,1,2026-07-25 12:20:54,10,676,205,1,36.36,3.64,Cash,Completed,POS-v2
ORD-715061,1,2026-07-24 13:41:56,9,165,213,2,429.01,85.8,Cash,Completed,POS-v2
ORD-715287,1,2026-07-25 14:09:04,12,1128,250,1,15.57,0.0,Cash,Completed,POS-v2
ORD-715600,2,2026-07-26 10:24:12,11,,17,1,115.98,11.6,Mobile Pay,Completed,POS-v2
ORD-714776,2,2026-07-22 15:44:03,17,845,240,1,14.88,0.0,Mobile Pay,Completed,POS-v2
ORD-715867,4,2026-07-28 08:42:14,12,321,35,3,11.26,0.0,Debit Card,Completed,POS-v2
ORD-714857,1,2026-07-23 09:29:46,7,988,23,-1,5.78,0.0,Mobile Pay,Returned,POS-v2
ORD-715497,1,2026-07-26 17:32:00,2,647,83,1,21.39,0.0,Gift Card,Cancelled,POS-v2
ORD-714625,2,2026-07-22 13:01:05,6,170,32,1,63.67,0.0,Debit Card,Returned,POS-v2
ORD-715305,1,2026-07-25 17:33:57,11,590,35,1,11.26,0.0,Credit Card,Returned,POS-v2
ORD-715364,1,2026-07-25 08:37:27,16,219,211,1,34.56,0.0,Gift Card,Completed,POS-v2
ORD-714962,1,2026-07-24 18:07:21,9,185,131,3,128.39,0.0,Debit Card,Completed,POS-v2
ORD-715262,1,2026-07-25 15:32:14,21,836,50,1,215.03,0.0,Mobile Pay,Returned,WEB
ORD-714688,1,2026-07-22 15:53:22,16,992,34,1,8.35,0.0,Cash,Cancelled,POS-v2
ORD-715043,2,2026-07-24 15:49:05,17,976,155,1,19.51,0.0,Cash,Completed,POS-v2
ORD-523971,1,2023-11-25 12:01:27,11,679,125,1,16.05,0.0,Credit Card,Returned,POS-v2
ORD-715448,3,2026-07-26 11:49:43,18,495,228,5,27.53,0.0,Gift Card,Completed,POS-v2
ORD-714841,1,2026-07-23 15:47:28,7,,11,1,338.28,67.66,Credit Card,Completed,POS-v2
ORD-524812,1,2023-11-28 14:40:32,12,586,216,2,267.06,0.0,Debit Card,Returned,POS-v2
ORD-646036,1,2025-08-31 19:59:08,13,1020,150,2,105.01,42.0,Mobile Pay,Returned,POS-v2
ORD-714898,1,2026-07-23 13:38:45,6,558,193,1,50.27,0.0,Credit Card,COMPLETED,POS-v2
ORD-714750,2,2026-07-22 21:10:03,12,823,146,1,135.01,0.0,Debit Card,Completed,POS-v2
ORD-714852,1,2026-07-23 19:19:40,11,26,248,2,545.72,54.57,Gift Card,Cancelled,POS-v2
ORD-715229,3,2026-07-25 17:40:37,17,317,237,2,55.84,0.0,Debit Card,Completed,POS-v2
ORD-715059,1,2026-07-24 15:40:47,6,618,80,1,25.49,0.0,Credit Card,Completed,POS-v2
ORD-714849,1,2026-07-23 15:05:53,14,982,54,1,22.37,0.0,Debit Card,Completed,POS-v2
ORD-594876,1,2024-12-06 19:37:18,13,451,124,2,60.39,12.08,Credit Card,Returned,POS-v2
ORD-715279,3,2026-07-25 17:31:28,13,287,243,1,57.56,0.0,Debit Card,Completed,POS-v2
ORD-715449,1,2026-07-26 09:06:03,17,976,207,2,$70.84,0.0,Credit Card,Completed,POS-v2
ORD-715686,2,2026-07-27 19:00:26,19,378,68,3,103.58,0.0,Mobile Pay,COMPLETED,POS-v2
ORD-715948,1,07/28/2026 18:55,13,206,212,2,40.54,0.0,Gift Card,Completed,POS-v2
ORD-715560,3,2026-07-26 17:03:44,20,,138,2,101.54,0.0,Debit Card,Completed,POS-v2
ORD-715742,2,2026-07-27 12:37:16,19,273,229,1,23.72,0.0,Mobile Pay,Completed,POS-v2
ORD-715190,3,2026-07-25 16:42:09,21,768,169,1,24.37,0.0,Cash,Completed,WEB
ORD-715617,1,2026-07-26 14:13:57,14,627,46,1,19.79,3.96,Mobile Pay,Completed,POS-v2
ORD-715415,1,2026-07-25 13:46:06,1,317,131,2,128.39,0.0,Gift Card,Completed,POS-v2
ORD-715683,1,2026-07-27 12:14:00,4,190,69,2,392.90,0.0,Credit Card,Cancelled,POS-v2
ORD-714928,2,2026-07-23 19:22:00,18,129,106,1,1186.50,118.65,Debit Card,Completed,POS-v2
ORD-715668,1,2026-07-26 13:01:25,20,1077,140,1,94.75,0.0,Mobile Pay,Completed,POS-v2
ORD-715056,2,2026-07-24 13:50:26,14,,144,2,45.16,13.55,Gift Card,Cancelled,POS-v2
ORD-714967,1,2026-07-24 11:20:31,15,1057,122,2,1194.92,477.97,Credit Card,Completed,POS-v2
ORD-715965,1,2026-07-28 17:06:20,6,784,229,1,23.72,0.0,Gift Card,Completed,POS-v2
ORD-715298,1,2026-07-25 13:32:52,5,269,171,1,63.56,0.0,Credit Card,Completed,POS-v2
ORD-715252,2,2026-07-25 16:59:49,12,545,163,2,107.45,10.75,Credit Card,COMPLETED,POS-v2
ORD-714974,2,2026-07-24 20:01:41,11,,117,1,1117.37,0.0,Gift Card,Completed,POS-v2
ORD-714931,1,2026-07-23 15:39:37,19,1055,95,1,9.57,0.0,Gift Card,Cancelled,POS-v2
ORD-715557,1,2026-07-26 20:22:38,6,,25,1,12.30,0.0,Credit Card,Completed,POS-v2
ORD-715727,2,2026-07-27 14:15:26,17,161,14,1,81.28,0.0,Debit Card,Completed,POS-v2
ORD-715692,1,2026-07-27 19:59:44,5,494,46,1,19.79,0.0,Cash,COMPLETED,POS-v2
ORD-715332,3,2026-07-25 12:07:56,9,846,190,1,212.33,0.0,Credit Card,Completed,POS-v2
ORD-714992,1,2026-07-24 17:15:30,19,313,59,1,2.47,0.0,Mobile Pay,Completed,POS-v2
ORD-715293,1,2026-07-25 16:13:25,2,,42,1,77.88,0.0,Mobile Pay,Completed,POS-v2
ORD-715417,1,2026-07-25 14:50:00,2,678,199,1,11.44,0.0,Debit Card,Completed,POS-v2
ORD-714933,1,2026-07-23 14:19:32,4,760,236,2,61.31,0.0,Credit Card,Completed,POS-v2
ORD-714800,2,2026-07-23 14:03:55,3,542,161,1,426.31,0.0,Cash,Completed,POS-v2
ORD-715164,1,2026-07-24 10:21:56,14,535,172,3,136.55,0.0,Debit Card,Completed,POS-v2
ORD-715954,1,2026-07-28 14:32:18,11,314,43,1,6.76,0.68,Gift Card,Completed,POS-v2
ORD-620100,2,2025-04-18 14:11:00,3,,141,1,1122.69,0.0,Mobile Pay,Returned,POS-v2
ORD-715394,3,2026-07-25 14:48:47,12,75,110,1,25.73,0.0,Gift Card,Completed,POS-v2
ORD-715281,1,2026-07-25 15:27:53,17,1027,229,1,23.72,0.0,Debit Card,Completed,POS-v2
ORD-714678,1,2026-07-22 14:27:38,8,857,210,1,44.71,0.0,Cash,Returned,POS-v2
ORD-714941,1,2026-07-23 15:52:32,17,1149,99,1,65.31,0.0,Credit Card,Completed,POS-v2
ORD-714872,1,2026-07-23 17:43:15,20,693,207,1,70.84,0.0,Cash,Completed,POS-v2
ORD-715550,1,2026-07-26 13:34:18,18,275,194,1,131.67,0.0,Cash,Completed,POS-v2
ORD-715356,3,2026-07-25 18:28:50,15,20,55,2,631.41,0.0,Credit Card,COMPLETED,POS-v2
ORD-715225,3,2026-07-25 09:57:26,20,168,172,1,136.55,27.31,Mobile Pay,Completed,POS-v2
ORD-714727,4,2026-07-22 12:01:57,6,97,135,1,9.65,0.0,Mobile Pay,Completed,POS-v2
ORD-715078,1,2026-07-24 14:39:22,13,848,250,1,15.57,0.0,Gift Card,Completed,POS-v2
ORD-715296,1,2026-07-25 18:33:47,10,105,159,3,126.56,0.0,Debit Card,Completed,POS-v2
ORD-714957,3,2026-07-23 12:13:53,6,1138,146,2,135.01,0.0,Credit Card,Completed,POS-v2
ORD-715726,1,2026-07-27 18:44:17,6,589,229,3,23.72,3.56,Debit Card,Completed,POS-v2
ORD-714813,1,2026-07-23 17:14:35,21,550,191,2,85.90,0.0,Debit Card,Completed,WEB
ORD-715628,2,2026-07-26 21:07:06,9,496,118,2,345.48,0.0,Debit Card,COMPLETED,POS-v2
ORD-715831,2,2026-07-27 13:42:57,2,459,63,2,113.03,45.21,Mobile Pay,Completed,POS-v2
ORD-714719,3,2026-07-22 10:30:09,6,238,13,1,55.30,0.0,Gift Card,Returned,POS-v2
ORD-715099,1,2026-07-24 17:27:07,17,72,10,2,29.56,5.91,Debit Card,Completed,POS-v2
ORD-715526,1,2026-07-26 14:12:52,9,618,25,1,12.30,0.0,Debit Card,Completed,POS-v2
ORD-715336,2,2026-07-25 09:52:29,1,686,117,1,1117.37,55.87,Cash,Completed,POS-v2
ORD-715071,2,2026-07-24 08:15:37,11,,34,1,8.35,0.0,Gift Card,Cancelled,POS-v2
ORD-715071,1,2026-07-24 08:15:37,11,,84,2,50.83,10.17,Gift Card,Completed,POS-v2
ORD-714873,3,2026-07-23 11:51:39,15,,75,1,101.78,0.0,Mobile Pay,Completed,POS-v2
ORD-715531,1,2026-07-26 18:00:43,9,71,181,1,170.57,0.0,Credit Card,Cancelled,POS-v2
ORD-715666,1,2026-07-26 12:36:02,6,317,120,1,91.88,0.0,Credit Card,Completed,POS-v2
ORD-715605,1,2026-07-26 14:04:12,7,132,3,1,346.86,69.37,Credit Card,Completed,POS-v2
ORD-715260,1,2026-07-25 11:37:04,14,162,150,1,105.01,0.0,Gift Card,Cancelled,POS-v2
ORD-714614,2,2026-07-22 17:49:59,8,,49,2,13.16,1.32,Cash,Completed,POS-v2
ORD-715404,1,2026-07-25 21:56:14,20,287,243,1,57.56,0.0,Cash,Completed,POS-v2
ORD-714936,1,2026-07-23 15:25:48,2,672,2,1,328.81,0.0,Cash,Completed,POS-v2
ORD-714995,1,2026-07-24 19:59:44,17,53,5,1,34.07,3.41,Debit Card,Completed,POS-v2
ORD-715314,1,2026-07-25 13:15:53,4,160,148,1,71.49,10.72,Credit Card,Completed,POS-v2
ORD-715308,3,2026-07-25 15:37:21,16,586,169,1,24.37,0.0,Gift Card,Cancelled,POS-v2
ORD-715893,1,2026-07-28 14:51:26,2,1094,198,1,76.00,0.0,Cash,Completed,POS-v2
ORD-715328,1,2026-07-25 13:48:31,3,1135,216,1,267.06,0.0,Mobile Pay,Returned,POS-v2
ORD-714873,2,2026-07-23 11:51:39,15,,153,1,1127.10,0.0,Credit Card,Completed,POS-v2
ORD-714878,2,2026-07-23 14:32:24,4,618,168,2,7.91,0.0,Gift Card,Completed,POS-v2
ORD-715325,1,2026-07-25 12:55:35,19,,154,1,41.08,0.0,Mobile Pay,Completed,POS-v2
ORD-715260,4,2026-07-25 11:37:04,14,162,70,1,237.97,0.0,Credit Card,Returned,POS-v2
ORD-714725,1,2026-07-22 16:56:30,18,514,166,2,4.90,0.0,Cash,Completed,POS-v2
ORD-714906,1,2026-07-23 08:56:38,18,1182,169,1,24.37,0.0,Debit Card,Completed,POS-v2
ORD-715839,2,2026-07-27 08:22:51,19,305,235,1,129.37,0.0,Mobile Pay,Completed,POS-v2
ORD-715626,2,2026-07-26 13:01:43,10,1080,200,1,42.31,0.0,Gift Card,Completed,POS-v2
ORD-509339,1,2023-09-09 12:14:58,18,213,171,1,63.56,0.0,Gift Card,Returned,POS-v2
ORD-715938,3,2026-07-28 17:18:45,9,441,246,2,113.08,0.0,Credit Card,Completed,POS-v2
ORD-643942,1,2025-08-20 12:41:11,13,932,69,2,392.90,39.29,Cash,Returned,POS-v2
ORD-715195,1,2026-07-25 09:38:12,13,921,99,3,65.31,0.0,Cash,Completed,POS-v2
ORD-715224,2,2026-07-25 16:13:57,17,594,40,2,364.97,72.99,Debit Card,Completed,POS-v2
ORD-715019,3,2026-07-24 14:06:46,8,282,136,1,55.76,0.0,Gift Card,Cancelled,POS-v2
ORD-715284,1,2026-07-25 17:31:40,1,,216,1,267.06,0.0,Debit Card,Completed,POS-v2
ORD-500610,1,2023-07-18 11:49:04,3,188,215,1,95.16,0.0,Debit Card,Returned,POS-v2
ORD-715682,1,2026-07-27 18:26:14,1,979,97,1,49.27,0.0,Debit Card,Completed,POS-v2
ORD-715373,2,2026-07-25 19:54:13,7,685,141,2,1122.69,0.0,Credit Card,Completed,POS-v2
ORD-715261,2,07/25/2026 14:41,20,241,130,1,24.61,0.0,Credit Card,Completed,POS-v2
ORD-715064,3,2026-07-24 17:09:49,18,709,174,1,47.32,4.73,Cash,Completed,POS-v2
ORD-715108,1,2026-07-24 19:58:44,6,126,159,1,126.56,0.0,Gift Card,Completed,POS-v2
ORD-715976,3,2026-07-28 21:38:05,18,1071,43,1,6.76,1.01,Gift Card,Completed,POS-v2
ORD-714819,1,2026-07-23 08:57:07,10,480,185,1,93.73,0.0,Credit Card,Completed,POS-v2
ORD-714669,3,2026-07-22 14:43:56,2,533,216,1,267.06,0.0,Debit Card,Completed,POS-v2
ORD-714631,2,2026-07-22 09:24:55,21,1102,75,1,101.78,20.36,Cash,Completed,WEB
ORD-714883,1,2026-07-23 08:28:45,6,599,66,1,9.23,1.85,Cash,COMPLETED,POS-v2
ORD-715665,1,2026-07-26 13:47:01,12,582,72,1,24.49,0.0,Debit Card,Completed,POS-v2
ORD-715379,1,2026-07-25 13:21:19,3,369,128,1,72.85,0.0,Cash,Cancelled,POS-v2
ORD-714623,1,2026-07-22 20:32:27,3,864,136,1,55.76,2.79,Debit Card,Returned,POS-v2
ORD-714724,1,2026-07-22 21:33:31,19,1144,228,3,27.53,8.26,Credit Card,Completed,POS-v2
ORD-715635,1,2026-07-26 14:02:00,19,994,134,1,392.62,0.0,Cash,Completed,POS-v2
ORD-715083,3,2026-07-24 14:49:17,16,240,71,1,11.90,1.19,Mobile Pay,Cancelled,POS-v2
ORD-715994,1,2026-07-28 21:10:06,10,33,181,1,170.57,34.11,Debit Card,Completed,POS-v2
ORD-715773,1,2026-07-27 17:51:18,5,,22,1,150.38,0.0,Gift Card,Completed,POS-v2
ORD-715714,1,2026-07-27 21:42:17,5,585,215,2,95.16,0.0,Credit Card,Cancelled,POS-v2
ORD-715251,3,2026-07-25 10:43:28,20,930,44,1,97.85,19.57,Gift Card,Cancelled,POS-v2
ORD-714763,1,2026-07-22 17:57:39,19,78,128,1,72.85,0.0,Mobile Pay,Completed,POS-v2
ORD-715070,1,2026-07-24 11:46:23,10,1058,81,1,784.69,0.0,Debit Card,Completed,POS-v2
ORD-715881,1,2026-07-28 13:05:43,21,111,42,5,77.88,77.88,Debit Card,Completed,WEB
ORD-715649,2,2026-07-26 18:07:23,4,823,70,2,237.97,0.0,Debit Card,Completed,POS-v2
ORD-715319,1,2026-07-25 10:00:36,2,1191,114,1,51.47,0.0,Cash,Completed,POS-v2
ORD-715734,1,2026-07-27 11:29:12,15,952,30,1,47.70,0.0,Cash,Completed,POS-v2
ORD-715207,2,2026-07-25 13:13:49,20,498,83,2,21.39,0.0,Mobile Pay,Completed,POS-v2
ORD-715254,3,2026-07-25 14:56:54,1,118,85,1,824.56,0.0,Cash,Completed,POS-v2
ORD-714760,1,2026-07-22 17:17:47,13,729,56,1,21.79,0.0,Mobile Pay,Returned,POS-v2
ORD-715123,1,2026-07-24 18:12:43,2,878,213,1,429.01,0.0,Cash,Completed,POS-v2
ORD-715767,3,2026-07-27 10:15:30,13,1055,70,1,237.97,0.0,Debit Card,Cancelled,POS-v2
ORD-715019,1,2026-07-24 14:06:46,8,282,70,-1,237.97,0.0,Debit Card,Completed,POS-v2
ORD-714803,2,2026-07-23 17:33:15,2,737,24,1,1052.95,0.0,Debit Card,Completed,POS-v2
ORD-715103,2,2026-07-24 11:14:11,4,1085,44,1,97.85,0.0,Mobile Pay,Completed,POS-v2
ORD-715718,1,2026-07-27 15:46:41,1,1050,171,2,63.56,0.0,Debit Card,Completed,POS-v2
ORD-715859,2,2026-07-28 17:12:50,13,67,212,1,40.54,0.0,Debit Card,Completed,POS-v2
ORD-548600,2,2024-04-07 14:46:10,9,886,179,1,799.36,0.0,Credit Card,Returned,POS-v2
ORD-715309,1,2026-07-25 11:28:24,20,1195,78,1,673.47,0.0,Cash,Completed,POS-v2
ORD-715820,1,2026-07-27 12:18:39,20,232,70,1,237.97,47.59,Mobile Pay,Completed,POS-v2
ORD-715333,2,2026-07-25 14:16:39,5,85,184,1,83.24,0.0,Cash,Completed,POS-v2
ORD-715198,1,2026-07-25 14:46:01,11,165,226,1,300.23,15.01,Credit Card,Returned,POS-v2
ORD-715092,2,2026-07-24 16:20:35,17,,217,1,81.50,0.0,Gift Card,Completed,POS-v2
ORD-715362,1,2026-07-25 09:10:30,16,861,162,1,4.77,0.0,Mobile Pay,Completed,POS-v2
ORD-715413,1,2026-07-25 12:54:17,21,941,104,1,67.69,0.0,Gift Card,Cancelled,WEB
ORD-714723,1,2026-07-22 14:00:54,9,1071,150,1,105.01,0.0,Credit Card,Completed,POS-v2
ORD-715951,3,2026-07-28 14:18:12,19,241,26,1,24.96,0.0,Cash,Returned,POS-v2
ORD-715892,1,2026-07-28 20:27:59,8,447,151,2,1170.91,0.0,Credit Card,Completed,POS-v2
ORD-715894,3,2026-07-28 19:27:42,2,948,153,2,1127.10,450.84,Credit Card,Completed,POS-v2
ORD-715190,4,2026-07-25 16:42:09,21,768,190,1,212.33,10.62,Credit Card,Returned,WEB
ORD-715385,1,2026-07-25 15:07:40,2,535,27,1,125.91,0.0,Mobile Pay,Returned,POS-v2
ORD-715672,1,2026-07-27 14:54:30,1,49,3,2,346.86,0.0,Cash,Completed,POS-v2
ORD-716044,1,2026-07-28 15:09:08,10,,101,1,1276.11,0.0,Cash,Returned,POS-v2
ORD-715132,3,2026-07-24 14:59:43,16,,227,1,134.16,13.42,Mobile Pay,Completed,POS-v2
ORD-715901,1,2026-07-28 17:44:09,18,775,136,1,55.76,0.0,Debit Card,Completed,POS-v2
ORD-715746,3,2026-07-27 20:16:19,5,951,174,1,47.32,0.0,Mobile Pay,Completed,POS-v2
ORD-539726,3,2024-02-14 11:41:46,13,795,174,1,47.32,2.37,Credit Card,Returned,POS-v2
ORD-715638,1,2026-07-26 21:45:31,20,1097,91,2,299.59,0.0,Debit Card,Returned,POS-v2
ORD-715373,4,2026-07-25 19:54:13,7,685,192,3,172.13,0.0,Credit Card,Completed,POS-v2
ORD-715849,2,2026-07-28 19:29:45,8,6,203,1,53.83,0.0,Gift Card,Completed,POS-v2
ORD-715144,1,2026-07-24 18:17:08,20,194,172,1,136.55,0.0,Credit Card,Completed,POS-v2
ORD-715831,2,2026-07-27 13:42:57,2,459,63,2,113.03,45.21,Mobile Pay,Completed,POS-v2
ORD-715573,2,2026-07-26 13:18:11,12,265,191,1,85.90,12.88,Debit Card,Completed,POS-v2
ORD-714812,1,2026-07-23 09:45:30,8,1129,58,1,10.46,0.0,Cash,Completed,POS-v2
ORD-715127,1,2026-07-24 12:02:53,13,389,77,1,361.16,54.17,Cash,Cancelled,POS-v2
ORD-715318,1,2026-07-25 08:55:45,10,1042,83,2,21.39,0.0,Gift Card,Completed,POS-v2
ORD-715325,2,2026-07-25 12:55:35,19,,54,1,22.37,0.0,Mobile Pay,Completed,POS-v2
ORD-715309,2,2026-07-25 11:28:24,20,1195,57,2,67.39,13.48,Mobile Pay,Completed,POS-v2
ORD-715002,3,2026-07-24 19:48:01,15,1174,110,1,25.73,5.15,Credit Card,Completed,POS-v2
ORD-715606,1,2026-07-26 16:50:13,12,500,130,1,24.61,0.0,Cash,Cancelled,POS-v2
ORD-715531,3,2026-07-26 18:00:43,9,71,233,1,50.90,0.0,Cash,Completed,POS-v2
ORD-714662,1,2026-07-22 17:17:37,21,702,66,1,9.23,0.0,Mobile Pay,Completed,WEB
ORD-715001,1,2026-07-24 14:09:08,4,658,10,1,29.56,0.0,Credit Card,Returned,POS-v2
ORD-715783,1,2026-07-27 15:47:30,12,936,55,1,631.41,31.57,Debit Card,Completed,POS-v2
ORD-716035,2,2026-07-28 20:58:56,6,111,13,2,55.30,0.0,Debit Card,Completed,POS-v2
ORD-715565,1,2026-07-26 11:27:51,18,545,199,1,11.44,0.0,Cash,Completed,POS-v2
ORD-715757,2,2026-07-27 14:38:28,10,757,146,1,135.01,0.0,Credit Card,Completed,POS-v2
ORD-714673,3,2026-07-22 14:00:50,20,735,47,2,481.76,0.0,Cash,Returned,POS-v2
ORD-715012,1,2026-07-24 17:17:07,15,761,68,1,103.58,0.0,Cash,Completed,POS-v2
ORD-715621,3,2026-07-26 09:33:06,11,1198,182,1,195.25,0.0,Debit Card,Cancelled,POS-v2
ORD-715080,4,2026-07-24 18:07:17,8,871,106,1,1186.50,0.0,Credit Card,Completed,POS-v2
ORD-714770,1,2026-07-22 19:41:53,7,630,118,1,345.48,0.0,Cash,COMPLETED,POS-v2
ORD-714938,1,2026-07-23 21:42:12,18,800,237,1,55.84,5.58,Gift Card,Cancelled,POS-v2
ORD-715767,2,2026-07-27 10:15:30,13,1055,176,1,305.12,0.0,Gift Card,Cancelled,POS-v2
ORD-715349,1,2026-07-25 10:59:48,12,1141,150,5,105.01,0.0,Cash,Cancelled,POS-v2
ORD-715031,1,2026-07-24 21:03:11,21,,247,1,88.74,0.0,Credit Card,Completed,WEB
ORD-715579,3,2026-07-26 20:48:39,4,877,47,1,481.76,0.0,Credit Card,Completed,POS-v2
ORD-714734,3,2026-07-22 19:34:12,20,64,128,1,72.85,0.0,Gift Card,Completed,POS-v2
ORD-714664,1,2026-07-22 14:59:18,10,,242,3,16.09,0.0,Cash,Completed,POS-v2
ORD-715515,1,2026-07-26 16:36:07,8,205,212,1,40.54,0.0,Gift Card,Returned,POS-v2
ORD-714956,2,2026-07-23 19:20:27,17,192,117,1,1117.37,0.0,Credit Card,Completed,POS-v2
ORD-716006,1,07/28/2026 11:22,11,762,214,1,14.10,1.41,Credit Card,Completed,POS-v2
ORD-715662,1,2026-07-26 15:15:10,5,,223,1,1351.62,0.0,Mobile Pay,Completed,POS-v2
ORD-714953,2,2026-07-23 14:43:20,16,1143,206,1,40.72,0.0,Cash,Completed,POS-v2
ORD-714850,1,2026-07-23 21:49:07,13,831,226,2,300.23,0.0,Mobile Pay,Cancelled,POS-v2
ORD-715316,3,2026-07-25 18:27:00,3,,103,1,37.96,0.0,Mobile Pay,Completed,POS-v2
ORD-715073,1,2026-07-24 15:40:17,4,94,147,3,60.30,0.0,Debit Card,Completed,POS-v2
ORD-715429,2,2026-07-26 12:44:13,14,1100,162,1,4.77,0.0,Mobile Pay,Completed,POS-v2
ORD-715219,1,2026-07-25 15:53:56,21,,122,3,1194.92,0.0,Mobile Pay,Completed,WEB
ORD-715443,1,2026-07-26 16:59:18,12,339,228,1,27.53,0.0,Cash,Completed,POS-v2
ORD-714690,1,2026-07-22 12:25:35,7,1067,114,1,51.47,5.15,Credit Card,Completed,POS-v2
ORD-627896,1,2025-05-28 16:27:26,21,,143,3,1.79,0.27,Cash,Returned,WEB
ORD-715545,1,2026-07-26 14:49:44,9,745,36,3,78.85,0.0,Cash,Completed,POS-v2
ORD-715304,1,2026-07-25 17:23:05,14,532,9,2,10.43,0.0,Credit Card,Completed,POS-v2
ORD-715939,3,2026-07-28 14:58:29,20,1154,142,1,140.07,0.0,Cash,Completed,POS-v2
ORD-715514,3,2026-07-26 14:25:10,18,596,10,2,29.56,2.96,Credit Card,Completed,POS-v2
ORD-715894,4,2026-07-28 19:27:42,2,948,158,1,25.03,0.0,Credit Card,Completed,POS-v2
ORD-714687,1,2026-07-22 17:24:30,13,317,172,1,136.55,0.0,Debit Card,Completed,POS-v2
ORD-715695,4,2026-07-27 12:40:16,11,510,140,1,94.75,0.0,Mobile Pay,Completed,POS-v2
ORD-715890,2,2026-07-28 14:47:17,9,652,168,1,7.91,0.0,Mobile Pay,Cancelled,POS-v2
ORD-715578,3,2026-07-26 21:23:16,12,701,151,2,1170.91,117.09,Credit Card,Completed,POS-v2
ORD-526865,1,2023-12-06 15:57:50,2,406,1,2,855.84,0.0,Gift Card,Returned,POS-v2
ORD-715250,2,2026-07-25 19:55:11,21,213,36,1,78.85,11.83,Credit Card,Cancelled,WEB
ORD-714914,2,2026-07-23 12:32:19,9,266,231,1,161.90,16.19,Credit Card,Completed,POS-v2
ORD-714809,1,2026-07-23 08:50:32,20,359,244,2,20.58,0.0,Credit Card,Completed,POS-v2
ORD-715742,1,2026-07-27 12:37:16,19,273,63,2,113.03,0.0,Gift Card,COMPLETED,POS-v2
ORD-715847,1,2026-07-28 08:46:10,1,,33,5,92.00,0.0,Debit Card,Completed,POS-v2
ORD-715561,3,2026-07-26 09:07:50,7,,77,2,361.16,0.0,Gift Card,Completed,POS-v2
ORD-715273,1,2026-07-25 20:02:16,7,30,74,1,50.24,0.0,Cash,Completed,POS-v2
ORD-715889,4,2026-07-28 19:40:58,11,486,64,1,127.10,0.0,Mobile Pay,Cancelled,POS-v2
ORD-715246,1,2026-07-25 20:19:34,2,,55,1,631.41,94.71,Gift Card,Returned,POS-v2
ORD-663356,1,2025-11-19 12:58:15,4,672,105,1,46.98,0.0,Mobile Pay,Returned,POS-v2
ORD-697612,2,2026-04-30 18:30:18,11,931,35,3,$11.26,3.38,Gift Card,Returned,POS-v2
ORD-714984,2,2026-07-24 13:14:08,19,,246,1,113.08,0.0,Mobile Pay,Completed,POS-v2
ORD-715621,4,2026-07-26 09:33:06,11,1198,202,1,561.01,0.0,Mobile Pay,Completed,POS-v2
ORD-714759,2,2026-07-22 16:07:14,17,116,152,1,44.47,0.0,Mobile Pay,Completed,POS-v2
ORD-714777,4,2026-07-22 16:51:22,8,1030,101,1,1276.11,0.0,Debit Card,Completed,POS-v2
ORD-714625,1,2026-07-22 13:01:05,6,170,212,3,40.54,0.0,Credit Card,Completed,POS-v2
ORD-715448,1,2026-07-26 11:49:43,18,495,213,1,429.01,0.0,Credit Card,Completed,POS-v2
ORD-715164,2,2026-07-24 10:21:56,14,535,164,1,29.32,1.47,Debit Card,Completed,POS-v2
ORD-716041,2,2026-07-28 11:27:51,21,299,161,2,426.31,0.0,Cash,Completed,WEB
ORD-714644,2,2026-07-22 17:41:43,14,1152,4,1,6.69,1.0,Mobile Pay,COMPLETED,POS-v2
ORD-715907,2,2026-07-28 21:47:24,2,426,102,1,428.38,0.0,Debit Card,Cancelled,POS-v2
ORD-715665,2,2026-07-26 13:47:01,12,582,104,1,67.69,0.0,Credit Card,Completed,POS-v2
ORD-714720,1,2026-07-22 18:07:11,12,1116,11,1,338.28,0.0,Credit Card,COMPLETED,POS-v2
ORD-714985,1,2026-07-24 14:53:49,18,826,213,2,429.01,0.0,Cash,Returned,POS-v2
ORD-716019,1,2026-07-28 13:30:35,4,786,106,2,1186.50,0.0,Gift Card,COMPLETED,POS-v2
ORD-715063,2,2026-07-24 13:13:18,4,114,158,1,25.03,0.0,Debit Card,Completed,POS-v2
ORD-714794,1,2026-07-23 11:44:22,4,654,249,2,11.47,0.0,Debit Card,Cancelled,POS-v2
ORD-715209,1,2026-07-25 20:56:58,6,576,53,1,488.62,24.43,Cash,Completed,POS-v2
ORD-715900,1,2026-07-28 08:52:35,20,969,141,1,1122.69,0.0,Credit Card,Completed,POS-v2
ORD-715322,2,2026-07-25 14:38:38,14,425,42,1,77.88,0.0,Credit Card,Returned,POS-v2
ORD-714843,1,2026-07-23 12:50:36,19,,91,1,299.59,14.98,Credit Card,Completed,POS-v2
ORD-715049,1,2026-07-24 13:28:02,2,290,40,1,364.97,0.0,Debit Card,Completed,POS-v2
ORD-714888,1,2026-07-23 15:31:58,12,728,203,2,53.83,0.0,Credit Card,Completed,POS-v2
ORD-714928,4,2026-07-23 19:22:00,18,129,216,1,267.06,0.0,Debit Card,Completed,POS-v2
ORD-715369,1,2026-07-25 16:43:46,21,408,90,1,125.43,12.54,Credit Card,Completed,WEB
ORD-715303,1,2026-07-25 13:09:15,1,,67,1,16.30,0.0,Debit Card,Completed,POS-v2
ORD-715844,2,2026-07-27 16:00:22,2,922,139,1,13.55,1.36,Credit Card,Cancelled,POS-v2
ORD-714632,1,2026-07-22 16:01:38,5,1067,224,1,180.57,0.0,Gift Card,Completed,POS-v2
ORD-715313,3,2026-07-25 19:09:15,12,89,21,1,551.96,110.39,Gift Card,Completed,POS-v2
ORD-714816,1,2026-07-23 15:05:17,4,154,195,1,610.56,0.0,Gift Card,Completed,POS-v2
ORD-715823,1,2026-07-27 18:01:34,20,,147,1,60.30,0.0,Gift Card,Completed,POS-v2
ORD-715650,2,2026-07-26 18:47:48,1,1092,39,2,47.04,0.0,Credit Card,Completed,POS-v2
ORD-715703,1,2026-07-27 09:01:03,10,14,1,5,855.84,855.84,Debit Card,Completed,POS-v2
ORD-714668,1,2026-07-22 21:08:13,11,778,141,1,1122.69,0.0,Debit Card,Completed,POS-v2
ORD-715790,4,2026-07-27 15:24:39,13,303,207,2,70.84,0.0,Gift Card,Completed,POS-v2
ORD-715786,1,2026-07-27 10:09:31,5,,250,1,15.57,2.34,Mobile Pay,Returned,POS-v2
ORD-715520,1,2026-07-26 16:17:35,7,1027,81,1,784.69,0.0,Gift Card,Completed,POS-v2
ORD-715848,1,2026-07-28 16:50:00,16,16,172,5,136.55,0.0,Credit Card,Completed,POS-v2
ORD-716002,1,2026-07-28 16:35:42,9,99,206,1,40.72,8.14,Credit Card,Completed,POS-v2
ORD-715688,1,2026-07-27 16:58:46,17,,138,1,101.54,0.0,Mobile Pay,Completed,POS-v2
ORD-715032,1,2026-07-24 16:29:40,14,189,22,1,150.38,22.56,Mobile Pay,Completed,POS-v2
ORD-715270,3,2026-07-25 18:35:43,7,926,175,1,14.65,0.73,Cash,Completed,POS-v2
ORD-714956,1,2026-07-23 19:20:27,17,192,240,1,14.88,0.0,Debit Card,Completed,POS-v2
ORD-715960,1,2026-07-28 10:30:35,8,762,223,1,1351.62,0.0,Debit Card,Cancelled,POS-v2
ORD-715920,1,2026-07-28 15:51:08,4,1073,138,1,101.54,0.0,Mobile Pay,Completed,POS-v2
ORD-715007,1,2026-07-24 17:52:03,8,308,108,1,152.24,0.0,Mobile Pay,Cancelled,POS-v2
ORD-715099,2,2026-07-24 17:27:07,17,72,160,1,1082.37,0.0,Credit Card,Completed,POS-v2
ORD-714810,1,2026-07-23 17:57:29,8,1194,109,1,91.47,13.72,Gift Card,Completed,POS-v2
ORD-715539,1,2026-07-26 14:53:41,6,,130,1,24.61,0.0,Mobile Pay,Completed,POS-v2
ORD-715035,1,2026-07-24 17:03:43,17,,48,1,32.92,0.0,Gift Card,Completed,POS-v2
ORD-715602,1,2026-07-26 17:43:13,14,23,230,2,40.82,0.0,Cash,COMPLETED,POS-v2
ORD-714757,1,2026-07-22 17:34:42,5,818,87,1,3.41,0.0,Mobile Pay,Cancelled,POS-v2
ORD-715750,1,2026-07-27 19:08:36,7,539,216,1,267.06,0.0,Credit Card,Completed,POS-v2
ORD-715735,1,2026-07-27 13:28:10,5,167,249,2,11.47,0.0,Mobile Pay,Completed,POS-v2
ORD-715306,3,2026-07-25 11:45:58,13,596,79,1,203.27,0.0,Credit Card,Completed,POS-v2
ORD-714784,2,2026-07-23 14:17:32,9,866,6,1,144.10,7.21,Credit Card,Completed,POS-v2
ORD-714986,2,2026-07-24 20:31:43,16,1166,173,3,2.96,0.0,Debit Card,Cancelled,POS-v2
ORD-714824,3,2026-07-23 18:43:13,3,921,128,-1,72.85,0.0,Credit Card,Completed,POS-v2
ORD-715450,2,2026-07-26 08:15:52,13,,68,1,103.58,0.0,Cash,Returned,POS-v2
ORD-714910,1,2026-07-23 15:59:03,14,312,38,1,15.39,0.0,Debit Card,Completed,POS-v2
ORD-715923,2,2026-07-28 17:27:49,1,704,97,1,49.27,7.39,Gift Card,Completed,POS-v2
ORD-715365,1,2026-07-25 18:13:53,14,1142,82,2,597.41,0.0,Mobile Pay,Completed,POS-v2
ORD-714858,1,2026-07-23 12:55:34,6,1090,226,1,300.23,0.0,Gift Card,Completed,POS-v2
ORD-715919,3,2026-07-28 12:50:42,8,1021,221,3,17.16,0.0,Gift Card,Completed,POS-v2
ORD-715506,1,2026-07-26 14:02:20,15,350,93,1,393.66,39.37,Debit Card,Completed,POS-v2
ORD-715726,2,2026-07-27 18:44:17,6,589,245,1,296.34,0.0,Gift Card,Completed,POS-v2
ORD-715578,1,2026-07-26 21:23:16,12,701,191,1,85.90,0.0,Mobile Pay,Completed,POS-v2
ORD-715704,3,2026-07-27 17:22:50,21,335,229,2,23.72,0.0,Credit Card,Completed,WEB
ORD-715924,1,2026-07-28 17:11:12,16,573,87,1,3.41,0.0,Mobile Pay,Cancelled,POS-v2
ORD-715178,1,2026-07-25 11:34:44,8,284,30,1,47.70,0.0,Credit Card,Completed,POS-v2
ORD-715925,1,2026-07-28 13:45:33,1,47,129,1,24.64,0.0,Gift Card,COMPLETED,POS-v2
ORD-715392,3,2026-07-25 18:23:22,11,207,96,1,66.59,0.0,Cash,COMPLETED,POS-v2
ORD-715825,2,2026-07-27 11:31:17,6,818,250,1,15.57,0.0,Mobile Pay,Completed,POS-v2
ORD-715652,2,2026-07-26 11:24:04,14,,76,1,474.35,0.0,Credit Card,Completed,POS-v2
ORD-685516,3,2026-03-01 14:11:08,16,240,61,1,47.01,2.35,Credit Card,Returned,POS-v2
ORD-715849,1,2026-07-28 19:29:45,8,6,24,1,1052.95,210.59,Credit Card,Completed,POS-v2
ORD-715463,2,2026-07-26 13:43:51,6,891,216,1,267.06,0.0,Credit Card,Completed,POS-v2
ORD-715855,1,2026-07-28 11:38:55,14,837,21,1,551.96,0.0,Mobile Pay,Completed,POS-v2
ORD-714637,1,2026-07-22 20:21:47,7,,171,1,63.56,0.0,Debit Card,Completed,POS-v2
ORD-557688,2,2024-05-28 09:35:42,17,624,193,2,50.27,0.0,Debit Card,Returned,POS-v2
ORD-715841,3,2026-07-27 19:55:53,18,,108,1,152.24,30.45,Mobile Pay,COMPLETED,POS-v2
ORD-715754,1,2026-07-27 09:10:38,18,252,235,1,129.37,12.94,Mobile Pay,Returned,POS-v2
ORD-715936,3,2026-07-28 16:59:14,4,,95,1,9.57,0.0,Credit Card,Completed,POS-v2
ORD-715484,1,2026-07-26 10:17:04,4,438,208,2,74.89,0.0,Mobile Pay,Completed,POS-v2
ORD-715094,4,07/24/2026 13:00,12,484,148,1,71.49,0.0,Cash,Completed,POS-v2
ORD-715132,2,2026-07-24 14:59:43,16,,58,1,10.46,0.0,Debit Card,Completed,POS-v2
ORD-716000,3,2026-07-28 18:30:43,21,,145,1,20.64,0.0,Debit Card,Completed,WEB
ORD-715613,2,2026-07-26 16:14:32,19,367,75,2,101.78,0.0,Mobile Pay,Completed,POS-v2
ORD-714793,1,2026-07-23 19:54:20,4,545,234,5,129.98,0.0,Mobile Pay,Completed,POS-v2
ORD-715461,1,2026-07-26 09:33:02,5,676,142,1,140.07,0.0,Gift Card,Completed,POS-v2
ORD-666099,1,2025-11-29 20:26:34,8,,133,1,602.18,0.0,Mobile Pay,Returned,POS-v2
ORD-714908,1,2026-07-23 14:30:41,7,1128,69,1,392.90,0.0,Mobile Pay,Returned,POS-v2
ORD-715597,4,2026-07-26 19:41:18,16,1176,34,1,8.35,0.0,Mobile Pay,Completed,POS-v2
ORD-715163,1,2026-07-24 19:52:32,20,,61,1,47.01,0.0,Gift Card,Completed,POS-v2
ORD-715130,2,2026-07-24 16:23:47,8,699,115,1,80.31,0.0,Debit Card,COMPLETED,POS-v2
ORD-714822,1,2026-07-23 14:38:00,6,813,125,1,16.05,0.0,Mobile Pay,Returned,POS-v2
ORD-567530,1,2024-07-23 17:14:18,6,,147,1,60.30,0.0,Mobile Pay,Returned,POS-v2
ORD-715650,1,2026-07-26 18:47:48,1,1092,198,1,76.00,0.0,Debit Card,Completed,POS-v2
ORD-714669,2,2026-07-22 14:43:56,2,533,158,2,25.03,0.0,Gift Card,Completed,POS-v2
ORD-715712,1,2026-07-27 17:49:22,12,587,37,1,16.94,0.0,Credit Card,Cancelled,POS-v2
ORD-715226,1,2026-07-25 15:16:39,2,1031,142,1,140.07,0.0,Debit Card,Completed,POS-v2
ORD-608790,4,2025-02-14 17:32:15,18,380,191,1,85.90,0.0,Gift Card,Returned,POS-v2
ORD-714692,1,2026-07-22 12:32:00,8,1200,38,1,15.39,0.0,Debit Card,Completed,POS-v2
ORD-714937,1,2026-07-23 11:16:12,20,,134,1,392.62,58.89,Credit Card,Completed,POS-v2
ORD-715797,1,2026-07-27 16:22:40,6,451,80,1,25.49,0.0,Gift Card,Completed,POS-v2
ORD-715274,1,2026-07-25 15:41:58,3,815,32,1,63.67,0.0,Cash,Returned,POS-v2
ORD-714847,1,2026-07-23 08:39:48,13,965,228,1,27.53,0.0,Gift Card,Completed,POS-v2
ORD-715075,2,2026-07-24 18:24:54,14,942,59,1,2.47,0.49,Mobile Pay,COMPLETED,POS-v2
ORD-715864,1,2026-07-28 19:36:55,20,992,41,1,15.59,0.0,Debit Card,Completed,POS-v2
ORD-715378,1,2026-07-25 18:29:07,15,679,86,1,2.14,0.0,Gift Card,Cancelled,POS-v2
ORD-715980,1,2026-07-28 17:41:26,19,1101,38,1,15.39,0.0,Mobile Pay,Completed,POS-v2
ORD-715924,3,2026-07-28 17:11:12,16,573,8,1,16.90,3.38,Debit Card,Completed,POS-v2
ORD-715701,1,2026-07-27 18:52:46,18,,36,1,78.85,3.94,Cash,Completed,POS-v2
ORD-714952,1,2026-07-23 15:39:12,10,266,189,1,648.50,0.0,Credit Card,Completed,POS-v2
ORD-715185,1,2026-07-25 11:07:02,9,1081,94,1,376.00,0.0,Debit Card,Returned,POS-v2
ORD-715226,1,2026-07-25 15:16:39,2,1031,142,1,140.07,0.0,Debit Card,Completed,POS-v2
ORD-714727,3,2026-07-22 12:01:57,6,97,114,2,51.47,0.0,Mobile Pay,Completed,POS-v2
ORD-715358,1,2026-07-25 13:13:28,19,396,75,1,101.78,0.0,Cash,Completed,POS-v2
ORD-715232,1,2026-07-25 16:27:38,16,,124,3,60.39,0.0,Credit Card,Returned,POS-v2
ORD-715993,1,2026-07-28 12:27:15,1,255,46,2,19.79,0.0,Cash,RETURNED,POS-v2
ORD-714691,2,2026-07-22 08:18:50,16,316,34,1,8.35,0.0,Cash,Completed,POS-v2
ORD-715451,1,2026-07-26 12:31:10,19,404,8,1,16.90,0.0,Credit Card,Completed,POS-v2
ORD-714755,1,2026-07-22 15:17:33,14,403,55,1,631.41,0.0,Cash,Completed,POS-v2
ORD-715532,2,2026-07-26 14:47:35,13,584,210,1,44.71,0.0,Credit Card,Completed,POS-v2
ORD-715324,1,2026-07-25 15:26:12,5,1030,218,1,28.28,0.0,Credit Card,CANCELLED,POS-v2
ORD-715818,2,2026-07-27 12:48:26,12,951,68,1,$103.58,5.18,Cash,Completed,POS-v2
ORD-714961,2,2026-07-24 17:23:20,19,137,121,1,6.80,0.0,Mobile Pay,Completed,POS-v2
ORD-714903,1,2026-07-23 09:18:58,9,497,3,2,346.86,138.74,Cash,Returned,POS-v2
ORD-714748,1,2026-07-22 16:22:21,7,583,164,5,29.32,0.0,Gift Card,Completed,POS-v2
ORD-515743,1,2023-10-17 16:59:35,5,937,47,1,481.76,24.09,Debit Card,Returned,POS-v2
ORD-714773,1,2026-07-22 14:44:52,15,780,204,1,274.55,0.0,Gift Card,Completed,POS-v2
ORD-715140,2,2026-07-24 18:48:10,20,258,10,1,29.56,0.0,Credit Card,Cancelled,POS-v2
ORD-715519,2,2026-07-26 19:46:54,19,1036,238,2,111.07,0.0,Debit Card,Completed,POS-v2
ORD-715911,1,2026-07-28 14:46:57,4,67,19,1,16.07,0.0,Cash,Completed,POS-v2
ORD-715402,2,2026-07-25 16:53:53,17,153,27,1,125.91,0.0,Debit Card,Completed,POS-v2
ORD-715683,2,2026-07-27 12:14:00,4,190,156,1,385.29,57.79,Gift Card,Completed,POS-v2
ORD-715278,1,2026-07-25 17:19:53,3,467,46,3,19.79,8.91,Mobile Pay,Completed,POS-v2
ORD-714835,1,2026-07-23 15:56:07,21,136,174,1,47.32,0.0,Credit Card,Completed,WEB
ORD-715681,1,2026-07-27 11:39:31,21,713,54,1,22.37,1.12,Debit Card,Returned,WEB
ORD-714983,2,2026-07-24 16:58:42,7,601,247,1,88.74,0.0,Mobile Pay,Completed,POS-v2
ORD-538437,1,2024-02-05 14:53:40,10,,236,2,61.31,0.0,Gift Card,Returned,POS-v2
ORD-714694,2,2026-07-22 16:22:21,18,860,98,1,164.21,0.0,Debit Card,Completed,POS-v2
ORD-714633,1,2026-07-22 12:17:59,7,548,8,3,16.90,0.0,Debit Card,Completed,POS-v2
ORD-715376,1,2026-07-25 17:53:46,3,113,91,1,299.59,14.98,Gift Card,COMPLETED,POS-v2
ORD-715818,1,2026-07-27 12:48:26,12,951,42,2,77.88,0.0,Mobile Pay,Completed,POS-v2
ORD-715951,1,2026-07-28 14:18:12,19,241,228,1,27.53,0.0,Gift Card,Completed,POS-v2
ORD-714845,2,2026-07-23 17:22:29,9,84,77,2,361.16,144.46,Debit Card,Completed,POS-v2
ORD-715234,2,2026-07-25 16:38:19,6,1149,130,1,24.61,3.69,Debit Card,Completed,POS-v2
ORD-714699,2,2026-07-22 16:02:13,14,,212,1,40.54,0.0,Credit Card,Completed,POS-v2
ORD-715830,2,2026-07-27 17:13:28,21,547,21,1,551.96,0.0,Debit Card,Completed,WEB
ORD-575937,1,2024-09-08 15:38:50,7,,18,1,97.64,0.0,Mobile Pay,Returned,POS-v2
ORD-715470,1,2026-07-26 19:07:26,13,97,175,1,14.65,0.0,Cash,Completed,POS-v2
ORD-714917,1,2026-07-23 16:00:42,5,,231,1,161.90,32.38,Gift Card,Completed,POS-v2
ORD-714955,1,2026-07-23 19:11:53,8,,235,1,129.37,0.0,Debit Card,Completed,POS-v2
ORD-714751,1,2026-07-22 16:18:03,17,859,244,1,20.58,0.0,Cash,Completed,POS-v2
ORD-714806,2,2026-07-23 18:26:57,4,941,247,1,88.74,0.0,Credit Card,Completed,POS-v2
ORD-715804,2,2026-07-27 15:25:20,10,80,179,-2,799.36,239.81,Gift Card,Completed,POS-v2
ORD-714704,2,2026-07-22 21:31:33,1,1106,168,1,7.91,0.0,Mobile Pay,Completed,POS-v2
ORD-714915,2,2026-07-23 15:14:21,20,816,207,1,70.84,0.0,Debit Card,Completed,POS-v2
ORD-715191,1,2026-07-25 12:33:33,1,21,197,1,68.48,0.0,Gift Card,Returned,POS-v2
ORD-714673,4,2026-07-22 14:00:50,20,735,78,1,673.47,134.69,Mobile Pay,Completed,POS-v2
ORD-715113,2,2026-07-24 11:14:40,19,,46,1,19.79,1.98,Debit Card,Completed,POS-v2
ORD-715420,1,2026-07-25 10:15:12,11,981,240,2,14.88,0.0,Cash,Completed,POS-v2
ORD-714765,1,2026-07-22 17:41:17,17,903,54,1,22.37,0.0,Debit Card,Completed,POS-v2
ORD-715124,1,2026-07-24 19:40:00,13,579,116,1,131.65,26.33,Mobile Pay,Completed,POS-v2
ORD-715456,2,2026-07-26 15:40:01,3,71,76,1,474.35,0.0,Credit Card,Completed,POS-v2
ORD-715716,1,2026-07-27 17:56:25,19,890,203,1,53.83,8.07,Gift Card,Completed,POS-v2
ORD-714925,3,2026-07-23 12:13:48,14,270,105,1,46.98,0.0,Cash,Cancelled,POS-v2
ORD-715675,1,2026-07-27 13:51:39,17,699,249,1,11.47,0.57,Debit Card,Completed,POS-v2
ORD-714959,1,2026-07-24 14:12:05,16,361,108,1,152.24,0.0,Gift Card,Completed,POS-v2
ORD-714621,1,2026-07-22 14:54:26,18,981,128,1,72.85,0.0,Debit Card,Completed,POS-v2
ORD-715225,2,2026-07-25 09:57:26,20,168,85,1,824.56,0.0,Gift Card,Completed,POS-v2
ORD-715113,1,2026-07-24 11:14:40,19,,210,2,44.71,0.0,Cash,Completed,POS-v2
ORD-715023,1,2026-07-24 10:26:23,6,901,117,1,1117.37,55.87,Credit Card,Cancelled,POS-v2
ORD-715419,1,2026-07-25 08:17:36,5,373,156,2,385.29,0.0,Cash,Returned,POS-v2
ORD-715139,2,2026-07-24 16:38:50,8,555,92,2,116.18,0.0,Gift Card,Completed,POS-v2
ORD-715704,2,2026-07-27 17:22:50,21,335,181,1,170.57,0.0,Debit Card,Cancelled,WEB
ORD-715014,3,2026-07-24 10:13:36,4,635,120,1,$91.88,0.0,Cash,Cancelled,POS-v2
ORD-715567,2,2026-07-26 14:20:32,10,781,156,3,385.29,231.17,Credit Card,Completed,POS-v2
ORD-714861,3,2026-07-23 21:16:18,4,215,73,1,156.03,0.0,Credit Card,Completed,POS-v2
ORD-715397,2,2026-07-25 14:10:45,21,155,184,3,83.24,0.0,Debit Card,Completed,WEB
ORD-715260,3,2026-07-25 11:37:04,14,162,237,1,55.84,0.0,Debit Card,Cancelled,POS-v2
ORD-715629,2,2026-07-26 18:17:51,14,251,83,1,21.39,0.0,Debit Card,Completed,POS-v2
ORD-714683,1,2026-07-22 08:26:44,2,1174,147,1,60.30,0.0,Debit Card,Returned,POS-v2
ORD-715619,2,2026-07-26 08:45:41,9,277,226,2,300.23,0.0,Gift Card,Completed,POS-v2
ORD-715768,1,2026-07-27 21:21:13,16,16,158,1,25.03,0.0,Credit Card,Completed,POS-v2
ORD-714808,1,2026-07-23 09:19:31,12,984,236,1,61.31,0.0,Gift Card,Completed,POS-v2
ORD-714715,1,2026-07-22 19:04:45,15,631,144,1,45.16,0.0,Cash,Completed,POS-v2
ORD-715454,1,2026-07-26 13:23:55,9,554,189,1,648.50,64.85,Credit Card,Completed,POS-v2
ORD-715925,4,2026-07-28 13:45:33,1,47,43,2,6.76,0.0,Mobile Pay,Cancelled,POS-v2
ORD-715441,1,2026-07-26 14:25:31,19,400,184,1,83.24,0.0,Mobile Pay,Completed,POS-v2
ORD-715513,1,2026-07-26 18:00:31,16,45,56,1,21.79,0.0,Mobile Pay,Completed,POS-v2
ORD-714644,1,2026-07-22 17:41:43,14,1152,102,3,$428.38,0.0,Debit Card,COMPLETED,POS-v2
ORD-715434,1,2026-07-26 10:39:51,13,1145,111,1,99.58,0.0,Cash,Returned,POS-v2
ORD-714947,1,2026-07-23 18:05:19,14,431,53,1,488.62,24.43,Cash,Completed,POS-v2
ORD-715919,1,2026-07-28 12:50:42,8,1021,220,3,100.61,45.27,Gift Card,Completed,POS-v2
ORD-715396,2,2026-07-25 20:34:41,7,3,199,1,11.44,1.14,Mobile Pay,Completed,POS-v2
ORD-715860,2,2026-07-28 08:02:29,5,171,96,2,66.59,0.0,Debit Card,Completed,POS-v2
ORD-715169,2,2026-07-25 21:56:43,11,117,85,2,824.56,0.0,Debit Card,Completed,POS-v2
ORD-714768,1,2026-07-22 16:17:22,20,215,50,1,215.03,0.0,Mobile Pay,Completed,POS-v2
ORD-715906,2,2026-07-28 16:50:29,18,,143,1,1.79,0.0,Cash,Completed,POS-v2
ORD-715859,1,2026-07-28 17:12:50,13,67,24,1,1052.95,0.0,Mobile Pay,Completed,POS-v2
ORD-715276,1,2026-07-25 12:14:10,14,65,148,1,71.49,14.3,Debit Card,Completed,POS-v2
ORD-714779,3,2026-07-22 12:39:32,17,326,46,1,19.79,0.0,Debit Card,Completed,POS-v2
ORD-715980,2,2026-07-28 17:41:26,19,1101,189,5,648.50,0.0,Cash,Completed,POS-v2
ORD-715019,2,2026-07-24 14:06:46,8,282,147,1,60.30,0.0,Debit Card,Completed,POS-v2
ORD-715772,3,2026-07-27 19:21:56,4,224,212,2,40.54,12.16,Mobile Pay,Completed,POS-v2
ORD-715766,1,2026-07-27 10:41:28,10,1020,232,3,40.48,0.0,Mobile Pay,Completed,POS-v2
ORD-715915,1,2026-07-28 09:45:29,6,3,14,1,81.28,0.0,Credit Card,Returned,POS-v2
ORD-504242,3,2023-08-09 20:28:48,5,735,126,1,5.42,0.0,Credit Card,Returned,POS-v2
ORD-715340,4,2026-07-25 19:25:20,7,,235,1,129.37,0.0,Gift Card,Completed,POS-v2
ORD-715424,1,2026-07-26 20:43:41,13,1040,138,1,101.54,0.0,Gift Card,Completed,POS-v2
ORD-715190,2,2026-07-25 16:42:09,21,768,216,1,267.06,0.0,Debit Card,Returned,WEB
ORD-715207,4,2026-07-25 13:13:49,20,498,79,1,203.27,0.0,Gift Card,Cancelled,POS-v2
ORD-715024,3,2026-07-24 20:24:38,3,1122,135,1,9.65,0.0,Cash,Completed,POS-v2
ORD-715485,1,2026-07-26 15:45:52,18,405,127,1,56.77,0.0,Mobile Pay,Completed,POS-v2
ORD-715343,1,2026-07-25 17:21:43,13,807,244,1,20.58,0.0,Cash,Completed,POS-v2
ORD-715130,1,2026-07-24 16:23:47,8,699,106,1,1186.50,0.0,Gift Card,Completed,POS-v2
ORD-715416,1,2026-07-25 20:28:04,6,,207,1,70.84,0.0,Debit Card,Completed,POS-v2
ORD-715093,1,2026-07-24 17:17:36,4,301,203,1,53.83,0.0,Cash,Completed,POS-v2
ORD-677803,1,2026-01-15 15:53:40,6,310,117,1,1117.37,0.0,Credit Card,Returned,POS-v2
ORD-715761,1,2026-07-27 18:12:00,4,1016,178,1,17.45,1.75,Mobile Pay,Completed,POS-v2
ORD-716010,1,2026-07-28 08:41:54,4,9,139,1,13.55,0.68,Mobile Pay,Completed,POS-v2
ORD-715147,1,2026-07-24 15:40:57,10,381,33,3,92.00,0.0,Debit Card,Cancelled,POS-v2
ORD-715179,1,2026-07-25 10:05:07,6,684,198,1,76.00,0.0,Debit Card,Completed,POS-v2
ORD-715059,3,07/24/2026 15:40,6,618,54,2,22.37,0.0,Mobile Pay,Completed,POS-v2
ORD-715067,2,2026-07-24 13:55:06,13,1054,168,5,7.91,3.96,Mobile Pay,Completed,POS-v2
ORD-714717,1,2026-07-22 08:34:39,5,557,1,2,855.84,0.0,Cash,Completed,POS-v2
ORD-715146,2,2026-07-24 16:22:46,6,359,97,1,49.27,0.0,Credit Card,Completed,POS-v2
ORD-715830,4,2026-07-27 17:13:28,21,547,205,5,36.36,0.0,Credit Card,Completed,WEB
ORD-715687,2,2026-07-27 13:32:15,10,1028,116,1,131.65,6.58,Mobile Pay,Cancelled,POS-v2
ORD-715138,1,2026-07-24 13:10:39,9,345,40,1,364.97,0.0,Cash,Completed,POS-v2
ORD-716001,2,2026-07-28 09:11:05,10,592,4,1,6.69,0.0,Mobile Pay,Completed,POS-v2
ORD-714801,1,2026-07-23 08:50:00,9,423,54,1,22.37,0.0,Debit Card,Returned,POS-v2
ORD-714748,2,2026-07-22 16:22:21,7,583,183,2,145.87,0.0,Debit Card,Completed,POS-v2
ORD-714786,1,2026-07-23 13:23:40,19,896,147,1,60.30,0.0,Mobile Pay,Completed,POS-v2
ORD-715433,2,2026-07-26 18:35:09,12,681,41,1,15.59,0.0,Mobile Pay,Completed,POS-v2
ORD-714613,2,2026-07-22 13:36:18,21,463,17,2,115.98,0.0,Debit Card,Cancelled,WEB
ORD-714777,3,2026-07-22 16:51:22,8,1030,94,1,376.00,75.2,Gift Card,Completed,POS-v2
ORD-715412,1,2026-07-25 15:37:03,8,492,117,1,1117.37,167.61,Mobile Pay,Completed,POS-v2
ORD-715731,3,2026-07-27 18:10:47,19,,162,1,4.77,0.0,Mobile Pay,Completed,POS-v2
ORD-714826,4,2026-07-23 15:22:35,4,887,40,1,364.97,72.99,Cash,COMPLETED,POS-v2
ORD-714860,1,2026-07-23 12:39:18,7,893,80,1,25.49,0.0,Mobile Pay,Completed,POS-v2
ORD-715204,1,2026-07-25 13:22:12,4,1200,189,2,648.50,0.0,Credit Card,Completed,POS-v2
ORD-715080,3,2026-07-24 18:07:17,8,871,14,2,81.28,24.38,Credit Card,Completed,POS-v2
ORD-715216,1,2026-07-25 14:36:07,16,1190,49,2,13.16,0.0,Credit Card,Completed,POS-v2
ORD-715193,1,2026-07-25 18:30:54,1,259,63,1,113.03,11.3,Gift Card,Completed,POS-v2
ORD-715839,1,2026-07-27 08:22:51,19,305,188,1,117.59,0.0,Mobile Pay,Completed,POS-v2
ORD-715873,2,2026-07-28 15:30:07,21,1001,74,1,50.24,0.0,Debit Card,Completed,WEB
ORD-604451,1,2025-01-18 13:50:21,8,929,86,1,2.14,0.32,Cash,Returned,POS-v2
ORD-715678,2,2026-07-27 16:46:25,5,349,124,1,60.39,0.0,Credit Card,Cancelled,POS-v2
ORD-715240,1,2026-07-25 18:16:19,12,790,44,1,97.85,0.0,Credit Card,Cancelled,POS-v2
ORD-715594,1,2026-07-26 16:19:38,8,1015,123,1,23.83,2.38,Debit Card,Completed,POS-v2
ORD-715652,3,2026-07-26 11:24:04,14,,10,1,29.56,4.43,Gift Card,Completed,POS-v2
ORD-715998,1,2026-07-28 17:32:51,6,1197,156,3,385.29,0.0,Credit Card,Completed,POS-v2
ORD-715670,2,2026-07-26 17:35:36,6,853,154,1,41.08,0.0,Debit Card,Cancelled,POS-v2
ORD-714944,2,2026-07-23 21:48:39,15,1095,48,1,32.92,3.29,Credit Card,Completed,POS-v2
ORD-715233,1,2026-07-25 11:01:55,3,125,155,1,19.51,0.0,Debit Card,Completed,POS-v2
ORD-714733,1,2026-07-22 17:16:22,15,,48,1,$32.92,1.65,Credit Card,Completed,POS-v2
ORD-715313,2,2026-07-25 19:09:15,12,89,57,3,67.39,0.0,Cash,Completed,POS-v2
ORD-714918,1,2026-07-23 13:32:51,13,608,161,1,426.31,85.26,Debit Card,Completed,POS-v2
ORD-715704,1,2026-07-27 17:22:50,21,335,218,1,28.28,0.0,Cash,Completed,WEB
ORD-714861,4,2026-07-23 21:16:18,4,215,80,1,25.49,0.0,Cash,Returned,POS-v2
ORD-714901,1,2026-07-23 09:09:32,17,218,164,1,29.32,2.93,Debit Card,Completed,POS-v2
ORD-714790,2,2026-07-23 17:26:12,12,,204,1,274.55,0.0,Gift Card,Completed,POS-v2
ORD-715157,1,2026-07-24 10:08:44,3,1065,238,3,111.07,0.0,Mobile Pay,Completed,POS-v2
ORD-715395,1,2026-07-25 16:28:55,15,,12,1,20.16,0.0,Mobile Pay,Cancelled,POS-v2
ORD-715922,3,2026-07-28 10:55:39,4,,127,1,56.77,0.0,Cash,Completed,POS-v2
ORD-714713,1,2026-07-22 16:30:38,10,123,110,2,25.73,2.57,Cash,Completed,POS-v2
ORD-715299,2,2026-07-25 12:11:18,7,637,21,2,551.96,0.0,Debit Card,Completed,POS-v2
ORD-715244,1,2026-07-25 20:21:09,11,1049,165,2,59.42,0.0,Debit Card,Completed,POS-v2
ORD-714672,1,2026-07-22 11:58:16,14,652,186,1,437.54,0.0,Mobile Pay,Completed,POS-v2
ORD-715524,1,2026-07-26 16:34:29,19,437,34,1,8.35,0.0,Cash,Cancelled,POS-v2
ORD-715366,1,2026-07-25 14:31:45,11,834,31,1,69.04,0.0,Cash,Cancelled,POS-v2
ORD-715691,3,2026-07-27 11:55:45,8,379,171,1,63.56,0.0,Gift Card,Completed,POS-v2
ORD-716017,1,2026-07-28 13:26:01,9,877,50,1,215.03,0.0,Debit Card,Completed,POS-v2
ORD-714670,1,2026-07-22 18:52:16,21,1126,84,1,50.83,0.0,Credit Card,Completed,WEB
ORD-715622,1,2026-07-26 20:51:51,13,1190,190,-1,212.33,0.0,Credit Card,Completed,POS-v2
ORD-714839,1,2026-07-23 09:34:14,7,1027,26,1,24.96,0.0,Gift Card,Completed,POS-v2
ORD-714741,2,2026-07-22 16:37:28,11,598,194,2,131.67,13.17,Debit Card,Completed,POS-v2
ORD-714671,1,2026-07-22 16:22:16,21,1116,51,1,7.15,0.0,Credit Card,Completed,WEB
ORD-714865,3,2026-07-23 18:34:31,16,1159,19,2,16.07,0.0,Gift Card,Completed,POS-v2
ORD-715011,2,2026-07-24 21:42:22,18,1085,116,1,131.65,0.0,Cash,Completed,POS-v2
ORD-714763,3,2026-07-22 17:57:39,19,78,117,2,1117.37,0.0,Cash,Completed,POS-v2
ORD-714814,2,2026-07-23 10:01:52,15,249,174,1,47.32,0.0,Mobile Pay,Cancelled,POS-v2
ORD-715189,2,2026-07-25 17:48:24,17,860,87,1,3.41,0.0,Gift Card,Completed,POS-v2
ORD-715630,4,2026-07-26 10:42:00,8,732,1,1,855.84,0.0,Mobile Pay,Returned,POS-v2
ORD-714925,2,2026-07-23 12:13:48,14,270,110,1,25.73,5.15,Mobile Pay,Returned,POS-v2
ORD-715664,1,2026-07-26 16:43:44,2,651,13,2,55.30,0.0,Credit Card,Completed,POS-v2
ORD-715992,1,2026-07-28 11:10:27,2,,208,2,74.89,0.0,Credit Card,Completed,POS-v2
ORD-715417,4,2026-07-25 14:50:00,2,678,60,1,206.81,41.36,Mobile Pay,Completed,POS-v2
ORD-715267,1,2026-07-25 17:25:30,14,165,116,1,131.65,0.0,Credit Card,Completed,POS-v2
ORD-715584,1,2026-07-26 12:11:44,9,133,208,1,74.89,0.0,Cash,Completed,POS-v2
ORD-715909,2,2026-07-28 16:57:08,5,64,59,1,2.47,0.0,Cash,Completed,POS-v2
ORD-715324,3,2026-07-25 15:26:12,5,1030,78,5,673.47,0.0,Debit Card,Returned,POS-v2
ORD-715897,1,2026-07-28 16:46:52,21,,191,1,85.90,0.0,Cash,Completed,WEB
ORD-715895,1,2026-07-28 15:19:44,3,234,180,1,84.76,0.0,Gift Card,Completed,POS-v2
ORD-714889,2,2026-07-23 19:22:44,10,456,37,1,16.94,0.0,Cash,Cancelled,POS-v2
ORD-714733,2,2026-07-22 17:16:22,15,,247,1,88.74,0.0,Mobile Pay,Completed,POS-v2
ORD-715891,1,2026-07-28 09:05:08,7,,76,1,474.35,94.87,Debit Card,Completed,POS-v2
ORD-710085,1,2026-06-30 17:40:19,9,490,130,1,24.61,0.0,Mobile Pay,Returned,POS-v2
ORD-715022,3,2026-07-24 16:57:34,3,262,143,1,1.79,0.27,Credit Card,Completed,POS-v2
ORD-715146,3,2026-07-24 16:22:46,6,359,202,5,561.01,561.01,Mobile Pay,Completed,POS-v2
ORD-715979,1,2026-07-28 18:08:45,12,1019,208,1,74.89,3.74,Credit Card,Completed,POS-v2
ORD-715353,1,2026-07-25 15:40:12,12,710,198,1,76.00,11.4,Credit Card,Returned,POS-v2
ORD-715380,2,2026-07-25 13:32:02,19,,95,1,9.57,0.0,Debit Card,Completed,POS-v2
ORD-716042,2,2026-07-28 15:14:38,7,529,1,1,855.84,128.38,Mobile Pay,Returned,POS-v2
ORD-715876,1,2026-07-28 15:33:10,5,659,125,1,16.05,1.61,Credit Card,Returned,POS-v2
ORD-715210,1,2026-07-25 21:46:25,10,623,149,2,134.15,13.42,Credit Card,Completed,POS-v2
ORD-715026,1,2026-07-24 20:02:09,18,524,53,1,488.62,0.0,Mobile Pay,Completed,POS-v2
ORD-714653,1,2026-07-22 14:56:49,3,286,93,1,393.66,0.0,Mobile Pay,Completed,POS-v2
ORD-715190,1,2026-07-25 16:42:09,21,768,184,1,83.24,0.0,Gift Card,Completed,WEB
ORD-715346,2,07/25/2026 21:50,17,108,168,1,7.91,0.0,Gift Card,Completed,POS-v2
ORD-714716,1,2026-07-22 18:09:32,7,333,56,1,21.79,0.0,Gift Card,Completed,POS-v2
ORD-715721,1,2026-07-27 11:13:40,1,124,142,1,140.07,0.0,Credit Card,Completed,POS-v2
ORD-714634,4,2026-07-22 20:02:02,10,410,130,1,24.61,3.69,Credit Card,Completed,POS-v2
ORD-715847,2,2026-07-28 08:46:10,1,,234,1,129.98,26.0,Credit Card,Completed,POS-v2
ORD-714906,2,2026-07-23 08:56:38,18,1182,50,2,215.03,21.5,Cash,Completed,POS-v2
ORD-715193,2,2026-07-25 18:30:54,1,259,145,2,20.64,0.0,Mobile Pay,Completed,POS-v2
ORD-715967,2,2026-07-28 15:30:29,12,41,146,1,135.01,0.0,Gift Card,Completed,POS-v2
ORD-715198,2,2026-07-25 14:46:01,11,165,101,1,1276.11,0.0,Mobile Pay,Completed,POS-v2
ORD-714957,2,2026-07-23 12:13:53,6,1138,70,1,237.97,0.0,Mobile Pay,Completed,POS-v2
ORD-715083,1,2026-07-24 14:49:17,16,240,58,1,10.46,0.0,Credit Card,Completed,POS-v2
ORD-715686,4,2026-07-27 19:00:26,19,378,243,1,57.56,0.0,Mobile Pay,Completed,POS-v2
ORD-715291,2,2026-07-25 10:25:41,15,236,203,1,53.83,0.0,Cash,Completed,POS-v2
ORD-714635,2,2026-07-22 16:16:44,15,205,249,1,11.47,0.0,Gift Card,Completed,POS-v2
ORD-715104,1,2026-07-24 14:30:57,5,719,103,2,37.96,0.0,Cash,Completed,POS-v2
ORD-716000,1,2026-07-28 18:30:43,21,,84,1,50.83,0.0,Cash,Completed,WEB
ORD-715792,1,2026-07-27 12:22:10,6,66,202,1,561.01,84.15,Credit Card,RETURNED,POS-v2
ORD-715354,2,2026-07-25 10:32:27,21,1111,26,1,24.96,0.0,Credit Card,Completed,WEB
ORD-715264,1,2026-07-25 21:32:53,14,1081,32,1,63.67,0.0,Gift Card,Completed,POS-v2
ORD-715633,2,2026-07-26 09:31:26,12,943,48,1,32.92,0.0,Gift Card,Cancelled,POS-v2
ORD-715351,1,2026-07-25 14:43:44,8,366,237,3,55.84,0.0,Mobile Pay,Completed,POS-v2
ORD-714960,4,2026-07-24 12:32:08,6,629,158,5,25.03,0.0,Cash,Completed,POS-v2
ORD-715838,1,2026-07-27 18:17:21,8,1120,70,1,237.97,0.0,Gift Card,Completed,POS-v2
ORD-715149,1,2026-07-24 16:44:49,10,902,99,1,65.31,0.0,Credit Card,Completed,POS-v2
ORD-714957,1,2026-07-23 12:13:53,6,1138,52,-3,244.00,36.6,Mobile Pay,Completed,POS-v2
ORD-715748,1,2026-07-27 11:26:41,6,157,32,1,63.67,0.0,Credit Card,Completed,POS-v2
ORD-714814,1,2026-07-23 10:01:52,15,249,204,1,274.55,0.0,Mobile Pay,Completed,POS-v2
ORD-715093,1,2026-07-24 17:17:36,4,301,203,1,53.83,0.0,Cash,Completed,POS-v2
ORD-715256,1,2026-07-25 10:19:30,11,1046,201,1,15.47,0.0,Gift Card,Completed,POS-v2
ORD-714974,3,2026-07-24 20:01:41,11,,89,2,293.17,0.0,Mobile Pay,Completed,POS-v2
ORD-715857,1,2026-07-28 17:34:42,10,380,189,1,648.50,0.0,Gift Card,Completed,POS-v2
ORD-715554,3,07/26/2026 20:29,16,1047,95,1,9.57,0.0,Mobile Pay,Completed,POS-v2
ORD-714696,1,2026-07-22 16:52:52,17,331,26,3,24.96,7.49,Cash,Completed,POS-v2
ORD-714725,2,2026-07-22 16:56:30,18,514,66,2,9.23,0.0,Debit Card,Completed,POS-v2
ORD-714648,2,2026-07-22 14:35:41,21,937,122,1,1194.92,0.0,Debit Card,Completed,WEB
ORD-714831,2,2026-07-23 13:30:48,21,804,95,-1,9.57,0.0,Mobile Pay,COMPLETED,WEB
ORD-715053,1,2026-07-24 15:12:42,19,11,92,1,116.18,17.43,Credit Card,Completed,POS-v2
ORD-715439,1,2026-07-26 17:16:47,6,793,204,1,274.55,0.0,Debit Card,Completed,POS-v2
ORD-715645,2,2026-07-26 11:01:12,4,861,208,1,74.89,0.0,Gift Card,COMPLETED,POS-v2
ORD-714859,2,2026-07-23 18:52:05,9,,81,1,784.69,156.94,Gift Card,Completed,POS-v2
ORD-715854,1,2026-07-28 14:43:44,8,423,203,1,53.83,0.0,Mobile Pay,Completed,POS-v2
ORD-715888,2,2026-07-28 19:19:16,8,1175,233,1,50.90,0.0,Debit Card,Completed,POS-v2
ORD-715504,1,2026-07-26 21:34:05,10,200,42,1,77.88,3.89,Mobile Pay,Completed,POS-v2
ORD-714703,1,2026-07-22 14:02:39,7,198,220,1,100.61,0.0,Credit Card,Completed,POS-v2
ORD-715153,2,2026-07-24 15:46:13,9,317,8,1,16.90,0.0,Gift Card,Completed,POS-v2
ORD-715479,1,2026-07-26 15:38:24,10,742,2,5,328.81,0.0,Debit Card,Completed,POS-v2
ORD-714905,1,2026-07-23 14:34:05,8,582,27,1,125.91,0.0,Credit Card,Completed,POS-v2
ORD-714829,1,2026-07-23 20:52:04,16,87,153,2,1127.10,338.13,Debit Card,Returned,POS-v2
ORD-714842,2,2026-07-23 10:50:56,1,3,111,2,99.58,0.0,Mobile Pay,Completed,POS-v2
ORD-715412,2,2026-07-25 15:37:03,8,492,214,1,14.10,2.11,Cash,Completed,POS-v2
ORD-715898,1,2026-07-28 14:24:10,3,755,216,1,267.06,0.0,Debit Card,Completed,POS-v2
ORD-716000,4,2026-07-28 18:30:43,21,,233,3,50.90,0.0,Mobile Pay,Completed,WEB
ORD-714988,2,2026-07-24 19:02:00,4,642,57,1,67.39,0.0,Credit Card,Completed,POS-v2
ORD-715033,1,2026-07-24 11:23:57,7,1150,238,3,111.07,0.0,Gift Card,Completed,POS-v2
ORD-715377,3,2026-07-25 16:44:26,12,1147,37,1,16.94,3.39,Cash,Completed,POS-v2
ORD-714730,1,2026-07-22 13:30:08,1,423,147,1,60.30,0.0,Credit Card,Returned,POS-v2
ORD-715143,1,2026-07-24 16:08:01,21,1012,211,3,34.56,0.0,Debit Card,Completed,WEB
ORD-715680,1,2026-07-27 17:17:02,13,334,40,2,364.97,0.0,Debit Card,Completed,POS-v2
ORD-715576,1,2026-07-26 08:19:46,1,775,90,3,125.43,0.0,Gift Card,Completed,POS-v2
ORD-715925,3,2026-07-28 13:45:33,1,47,249,1,11.47,0.0,Gift Card,Completed,POS-v2
ORD-715662,2,2026-07-26 15:15:10,5,,85,1,824.56,123.68,Debit Card,Completed,POS-v2
ORD-715306,1,2026-07-25 11:45:58,13,596,81,1,784.69,0.0,Cash,Completed,POS-v2
ORD-714932,1,2026-07-23 17:33:02,4,475,121,1,6.80,0.0,Gift Card,Returned,POS-v2
ORD-715199,1,2026-07-25 18:51:16,12,114,207,3,70.84,0.0,Debit Card,Completed,POS-v2
ORD-714616,1,2026-07-22 13:13:27,21,,122,1,1194.92,119.49,Credit Card,Cancelled,WEB
ORD-714919,2,2026-07-23 08:18:38,6,101,59,5,2.47,0.0,Cash,Completed,POS-v2
ORD-682707,1,2026-02-13 20:48:47,2,1161,240,1,14.88,1.49,Credit Card,Returned,POS-v2
ORD-715344,1,2026-07-25 15:26:26,11,205,186,1,437.54,21.88,Cash,Completed,POS-v2
ORD-715096,3,2026-07-24 14:50:54,7,861,2,1,328.81,16.44,Credit Card,Completed,POS-v2
ORD-715065,1,2026-07-24 18:20:25,21,436,114,2,51.47,0.0,Mobile Pay,Returned,WEB
ORD-715963,1,2026-07-28 20:37:16,18,,22,3,150.38,0.0,Credit Card,Completed,POS-v2
ORD-715886,2,2026-07-28 17:18:18,12,1141,83,1,21.39,0.0,Credit Card,Cancelled,POS-v2
ORD-715237,1,2026-07-25 11:58:43,17,217,195,1,610.56,0.0,Mobile Pay,Completed,POS-v2
ORD-715095,2,2026-07-24 18:33:02,18,1142,149,1,134.15,0.0,Gift Card,Returned,POS-v2
ORD-715340,1,2026-07-25 19:25:20,7,,143,1,1.79,0.0,Cash,Completed,POS-v2
ORD-667347,1,2025-12-03 19:53:56,10,704,174,1,47.32,0.0,Mobile Pay,Returned,POS-v2
ORD-715234,3,2026-07-25 16:38:19,6,1149,243,1,57.56,0.0,Debit Card,Completed,POS-v2
ORD-715055,1,2026-07-24 15:37:52,18,826,216,1,267.06,0.0,Mobile Pay,COMPLETED,POS-v2
ORD-715548,1,2026-07-26 14:42:35,16,645,113,3,9.01,0.0,Gift Card,Completed,POS-v2
ORD-715528,2,2026-07-26 21:42:11,11,141,227,3,134.16,80.5,Mobile Pay,Completed,POS-v2
ORD-716022,1,2026-07-28 10:24:25,20,441,197,1,68.48,6.85,Debit Card,Completed,POS-v2
ORD-715941,1,2026-07-28 13:31:55,9,907,105,1,46.98,0.0,Credit Card,Completed,POS-v2
ORD-714976,1,2026-07-24 11:24:25,6,,111,1,99.58,0.0,Gift Card,Completed,POS-v2
ORD-714694,4,2026-07-22 16:22:21,18,860,8,3,16.90,0.0,Mobile Pay,Completed,POS-v2
ORD-714833,2,2026-07-23 13:41:16,2,1109,14,1,81.28,0.0,Gift Card,Completed,POS-v2
ORD-714726,1,2026-07-22 14:44:26,3,380,188,1,117.59,0.0,Gift Card,Completed,POS-v2
ORD-715572,1,2026-07-26 14:15:23,21,1095,8,1,16.90,3.38,Debit Card,Completed,WEB
ORD-715897,2,2026-07-28 16:46:52,21,,224,3,180.57,27.09,Cash,Completed,WEB
ORD-715426,2,2026-07-26 15:06:42,11,496,27,1,125.91,0.0,Cash,Completed,POS-v2
ORD-715098,1,2026-07-24 19:33:17,17,,1,1,855.84,0.0,Gift Card,Completed,POS-v2
ORD-715508,1,2026-07-26 14:21:05,3,434,234,1,129.98,0.0,Gift Card,Completed,POS-v2
ORD-715301,1,2026-07-25 08:43:50,14,766,10,1,29.56,0.0,Debit Card,Completed,POS-v2
ORD-715329,1,2026-07-25 17:27:33,18,735,177,2,35.36,0.0,Mobile Pay,Completed,POS-v2
ORD-715975,1,2026-07-28 17:32:38,15,425,55,1,631.41,0.0,Credit Card,Cancelled,POS-v2
ORD-715687,1,2026-07-27 13:32:15,10,1028,93,1,393.66,0.0,Credit Card,Returned,POS-v2
ORD-715663,1,2026-07-26 18:04:33,9,746,122,1,1194.92,0.0,Cash,Completed,POS-v2
ORD-715743,1,2026-07-27 15:37:06,8,385,80,3,25.49,0.0,Mobile Pay,Completed,POS-v2
ORD-715250,3,2026-07-25 19:55:11,21,213,141,2,1122.69,0.0,Gift Card,Completed,WEB
ORD-715354,1,2026-07-25 10:32:27,21,1111,141,2,1122.69,0.0,Gift Card,Completed,WEB
ORD-715561,2,2026-07-26 09:07:50,7,,211,1,34.56,0.0,Credit Card,Completed,POS-v2
ORD-715225,1,2026-07-25 09:57:26,20,168,101,1,1276.11,0.0,Mobile Pay,Cancelled,POS-v2
ORD-714921,2,2026-07-23 19:48:36,17,,101,2,1276.11,0.0,Credit Card,Returned,POS-v2
ORD-533024,3,2023-12-31 14:16:51,7,,49,2,13.16,0.0,Cash,Returned,POS-v2
ORD-715356,1,2026-07-25 18:28:50,15,20,193,1,50.27,0.0,Cash,Completed,POS-v2
ORD-572513,1,2024-08-20 16:52:03,12,,10,1,29.56,0.0,Mobile Pay,Returned,POS-v2
ORD-715990,1,2026-07-28 10:26:17,18,,245,1,296.34,0.0,Debit Card,Completed,POS-v2
ORD-715916,1,2026-07-28 14:31:34,11,748,182,1,195.25,0.0,Debit Card,COMPLETED,POS-v2
ORD-715866,3,2026-07-28 11:22:20,1,324,92,2,116.18,0.0,Debit Card,COMPLETED,POS-v2
ORD-715154,3,2026-07-24 15:17:04,11,1059,197,1,68.48,0.0,Debit Card,Completed,POS-v2
ORD-715927,1,2026-07-28 21:18:05,15,686,224,1,180.57,0.0,Mobile Pay,Completed,POS-v2
ORD-716018,1,2026-07-28 14:10:47,14,920,138,1,101.54,0.0,Cash,Completed,POS-v2
ORD-715342,1,2026-07-25 12:18:17,2,584,211,1,34.56,6.91,Debit Card,Returned,POS-v2
ORD-715128,1,2026-07-24 09:56:04,14,1145,57,1,67.39,0.0,Debit Card,Completed,POS-v2
ORD-715058,1,2026-07-24 16:45:45,11,1131,188,1,117.59,0.0,Gift Card,Completed,POS-v2
ORD-715285,1,2026-07-25 12:37:24,3,,249,1,11.47,0.57,Debit Card,Completed,POS-v2
ORD-715005,1,2026-07-24 17:13:21,3,424,3,1,346.86,0.0,Cash,Completed,POS-v2
ORD-715482,2,2026-07-26 11:00:54,6,831,151,1,1170.91,0.0,Credit Card,Completed,POS-v2
ORD-714744,1,2026-07-22 15:21:40,14,687,59,1,2.47,0.0,Mobile Pay,Completed,POS-v2
ORD-714848,1,2026-07-23 17:05:43,17,263,132,-2,29.88,11.95,Cash,Completed,POS-v2
ORD-715757,1,2026-07-27 14:38:28,10,757,175,1,14.65,0.0,Gift Card,Completed,POS-v2
ORD-715677,1,2026-07-27 12:44:52,4,1009,32,1,63.67,12.73,Mobile Pay,Completed,POS-v2
ORD-715827,1,2026-07-27 15:45:27,2,727,73,1,156.03,0.0,Debit Card,Completed,POS-v2
ORD-715918,2,2026-07-28 11:30:11,19,426,173,1,2.96,0.0,Mobile Pay,Cancelled,POS-v2
ORD-715160,1,2026-07-24 10:26:20,16,341,233,1,50.90,0.0,Debit Card,Completed,POS-v2
ORD-716027,1,2026-07-28 17:08:05,10,6,145,1,20.64,0.0,Mobile Pay,Completed,POS-v2
ORD-715778,1,2026-07-27 12:40:31,8,329,227,1,134.16,0.0,Cash,Completed,POS-v2
ORD-715581,1,2026-07-26 13:04:01,21,981,213,3,429.01,257.41,Cash,Completed,WEB
ORD-715729,1,2026-07-27 15:17:41,8,916,136,1,55.76,0.0,Gift Card,Returned,POS-v2
ORD-715505,1,2026-07-26 12:01:06,13,6,163,1,107.45,0.0,Mobile Pay,Cancelled,POS-v2
ORD-715829,1,2026-07-27 16:06:58,12,434,143,1,1.79,0.0,Debit Card,Completed,POS-v2
ORD-715705,1,2026-07-27 12:12:15,7,289,84,1,50.83,10.17,Mobile Pay,Completed,POS-v2
ORD-714868,1,2026-07-23 14:17:31,2,,40,1,364.97,0.0,Cash,Cancelled,POS-v2
ORD-536093,1,2024-01-20 17:05:31,4,1071,121,2,6.80,0.68,Credit Card,Returned,POS-v2
ORD-715629,3,2026-07-26 18:17:51,14,251,136,3,55.76,0.0,Mobile Pay,Completed,POS-v2
ORD-715080,1,2026-07-24 18:07:17,8,871,175,1,14.65,0.0,Cash,Completed,POS-v2
ORD-715634,1,2026-07-26 21:13:19,10,148,140,2,94.75,0.0,Credit Card,Completed,POS-v2
ORD-714885,1,2026-07-23 19:27:34,2,,115,1,80.31,0.0,Debit Card,Completed,POS-v2
ORD-715789,1,2026-07-27 16:31:53,19,526,36,1,78.85,11.83,Debit Card,Completed,POS-v2
ORD-715109,2,2026-07-24 13:18:15,10,426,249,1,11.47,0.0,Credit Card,Completed,POS-v2
ORD-715326,1,2026-07-25 16:56:35,1,1033,144,1,45.16,0.0,Debit Card,Cancelled,POS-v2
ORD-715426,3,2026-07-26 15:06:42,11,496,97,2,49.27,0.0,Mobile Pay,Completed,POS-v2
ORD-715948,2,2026-07-28 18:55:57,13,206,80,1,25.49,0.0,Cash,Completed,POS-v2
ORD-715631,1,2026-07-26 16:09:58,6,392,153,1,1127.10,0.0,Debit Card,Completed,POS-v2
ORD-714824,2,2026-07-23 18:43:13,3,921,78,2,673.47,0.0,Cash,Completed,POS-v2
ORD-715699,1,2026-07-27 10:41:53,20,991,100,3,70.39,31.68,Gift Card,Completed,POS-v2
ORD-715151,1,2026-07-24 10:30:14,16,1074,94,2,376.00,0.0,Mobile Pay,Completed,POS-v2
ORD-715198,3,2026-07-25 14:46:01,11,165,211,1,34.56,0.0,Debit Card,Returned,POS-v2
ORD-715536,2,2026-07-26 20:16:29,17,861,171,1,63.56,0.0,Mobile Pay,Cancelled,POS-v2
ORD-715507,1,2026-07-26 10:51:16,4,617,161,1,426.31,0.0,Cash,Completed,POS-v2
ORD-714777,1,2026-07-22 16:51:22,8,1030,24,1,1052.95,210.59,Debit Card,Completed,POS-v2
ORD-715456,1,2026-07-26 15:40:01,3,71,185,3,93.73,42.18,Cash,Completed,POS-v2
ORD-714800,1,2026-07-23 14:03:55,3,542,183,1,145.87,0.0,Credit Card,Completed,POS-v2
ORD-714982,1,2026-07-24 15:44:31,13,198,125,1,16.05,0.0,Gift Card,Completed,POS-v2
ORD-714750,1,2026-07-22 21:10:03,12,823,54,1,22.37,0.0,Debit Card,Completed,POS-v2
ORD-715189,1,2026-07-25 17:48:24,17,860,68,1,103.58,0.0,Mobile Pay,Returned,POS-v2
ORD-714651,1,2026-07-22 16:54:11,14,860,8,2,16.90,0.0,Credit Card,COMPLETED,POS-v2
ORD-714612,1,2026-07-22 13:57:30,6,649,151,1,1170.91,0.0,Gift Card,Completed,POS-v2
ORD-715834,1,2026-07-27 18:47:56,8,451,105,1,46.98,7.05,Mobile Pay,Completed,POS-v2
ORD-715615,2,2026-07-26 16:56:39,2,78,99,-1,65.31,9.8,Credit Card,Completed,POS-v2
ORD-715598,1,2026-07-26 17:58:19,13,,218,1,28.28,0.0,Gift Card,Cancelled,POS-v2
ORD-715708,1,2026-07-27 15:47:11,13,54,132,1,29.88,0.0,Cash,Completed,POS-v2
ORD-715100,1,2026-07-24 13:20:31,21,521,206,3,40.72,24.43,Gift Card,Completed,WEB
ORD-714679,1,2026-07-22 14:59:11,14,1190,212,1,40.54,0.0,Debit Card,Completed,POS-v2
ORD-715145,1,2026-07-24 19:59:59,11,1116,75,2,101.78,0.0,Debit Card,Completed,POS-v2
ORD-715112,1,2026-07-24 20:56:23,6,95,211,1,34.56,0.0,Debit Card,Cancelled,POS-v2
ORD-715611,1,2026-07-26 13:32:46,8,1192,234,2,129.98,0.0,Cash,Completed,POS-v2
ORD-714754,3,2026-07-22 17:12:29,14,,216,2,267.06,0.0,Gift Card,Completed,POS-v2
ORD-715765,1,2026-07-27 14:07:16,11,,119,1,438.82,0.0,Mobile Pay,Completed,POS-v2
ORD-715140,1,2026-07-24 18:48:10,20,258,140,1,94.75,14.21,Mobile Pay,COMPLETED,POS-v2
ORD-715006,1,2026-07-24 12:49:05,1,142,140,1,94.75,0.0,Debit Card,Completed,POS-v2
ORD-714907,2,2026-07-23 17:20:37,18,,68,5,103.58,0.0,Credit Card,Returned,POS-v2
ORD-715420,3,2026-07-25 10:15:12,11,981,37,5,16.94,0.0,Gift Card,Completed,POS-v2
ORD-714941,3,2026-07-23 15:52:32,17,1149,50,3,215.03,0.0,Mobile Pay,Completed,POS-v2
ORD-715801,1,2026-07-27 18:44:21,9,678,61,2,47.01,0.0,Credit Card,Completed,POS-v2
ORD-714749,1,2026-07-22 13:02:59,9,896,232,1,40.48,2.02,Cash,Returned,POS-v2
ORD-715695,2,2026-07-27 12:40:16,11,510,111,1,99.58,0.0,Gift Card,Completed,POS-v2
ORD-715488,1,2026-07-26 18:48:41,4,179,31,1,69.04,0.0,Gift Card,Completed,POS-v2
ORD-715730,2,2026-07-27 18:02:24,18,1082,182,2,195.25,0.0,Gift Card,Completed,POS-v2
ORD-715866,2,2026-07-28 11:22:20,1,324,155,2,19.51,0.0,Mobile Pay,Completed,POS-v2
ORD-715455,1,2026-07-26 21:55:53,17,760,137,1,46.27,0.0,Gift Card,Returned,POS-v2
ORD-715732,1,2026-07-27 14:52:40,15,733,193,1,50.27,0.0,Mobile Pay,Completed,POS-v2
ORD-714603,1,2026-07-22 12:57:36,14,98,99,1,65.31,9.8,Cash,Completed,POS-v2
ORD-714863,1,2026-07-23 21:03:50,16,1100,140,2,94.75,28.43,Mobile Pay,Completed,POS-v2
ORD-715483,3,2026-07-26 14:23:22,15,885,182,1,195.25,19.53,Gift Card,Completed,POS-v2
ORD-715171,1,2026-07-25 16:01:58,12,,63,1,113.03,0.0,Gift Card,COMPLETED,POS-v2
ORD-715738,1,2026-07-27 15:46:43,16,3,217,1,81.50,0.0,Mobile Pay,Completed,POS-v2
ORD-714902,1,2026-07-23 13:41:40,1,975,212,1,40.54,0.0,Credit Card,Returned,POS-v2
ORD-715310,1,2026-07-25 14:49:03,10,,129,3,24.64,0.0,Cash,Completed,POS-v2
ORD-715562,2,2026-07-26 20:23:01,1,6,175,1,14.65,0.73,Mobile Pay,Completed,POS-v2
ORD-715453,1,2026-07-26 13:45:21,8,271,53,1,488.62,24.43,Mobile Pay,Completed,POS-v2
ORD-714797,1,2026-07-23 09:57:56,12,99,180,1,84.76,0.0,Mobile Pay,Completed,POS-v2
ORD-715720,2,2026-07-27 09:48:49,6,758,245,1,296.34,0.0,Debit Card,COMPLETED,POS-v2
ORD-715084,2,2026-07-24 11:43:09,19,489,46,1,19.79,0.0,Credit Card,Completed,POS-v2
ORD-715335,1,2026-07-25 20:29:37,10,327,44,1,97.85,0.0,Gift Card,Completed,POS-v2
ORD-715334,2,2026-07-25 12:51:49,12,1131,99,1,65.31,0.0,Cash,Completed,POS-v2
ORD-622257,2,2025-04-29 14:48:54,19,43,26,1,24.96,0.0,Credit Card,Returned,POS-v2
ORD-714944,1,2026-07-23 21:48:39,15,1095,217,1,81.50,0.0,Cash,Completed,POS-v2
ORD-715350,1,2026-07-25 18:12:40,20,369,171,2,63.56,19.07,Credit Card,Cancelled,POS-v2
ORD-715715,1,2026-07-27 16:29:53,8,694,73,1,156.03,15.6,Mobile Pay,COMPLETED,POS-v2
ORD-715642,1,2026-07-26 08:26:01,5,907,49,2,13.16,2.63,Debit Card,Completed,POS-v2
ORD-715973,1,2026-07-28 19:07:13,10,,48,1,32.92,0.0,Cash,Completed,POS-v2
ORD-715788,2,2026-07-27 13:39:30,5,994,185,1,93.73,0.0,Cash,Cancelled,POS-v2
ORD-715102,1,2026-07-24 09:42:50,5,,5,1,34.07,0.0,Gift Card,Completed,POS-v2
ORD-715118,1,2026-07-24 15:10:57,5,675,155,2,19.51,0.0,Debit Card,Completed,POS-v2
ORD-714801,2,2026-07-23 08:50:00,9,423,213,1,429.01,85.8,Credit Card,Returned,POS-v2
ORD-715388,2,2026-07-25 16:34:41,20,899,245,1,296.34,0.0,Debit Card,Completed,POS-v2
ORD-714604,1,2026-07-22 13:27:02,13,131,248,1,545.72,0.0,Gift Card,COMPLETED,POS-v2
ORD-714701,1,2026-07-22 10:14:13,8,,114,1,51.47,0.0,Cash,Completed,POS-v2
ORD-715700,1,2026-07-27 09:32:32,8,,123,2,23.83,0.0,Debit Card,COMPLETED,POS-v2
ORD-715009,1,2026-07-24 12:18:18,17,358,4,1,6.69,0.0,Debit Card,Completed,POS-v2
ORD-714689,1,2026-07-22 17:45:22,11,918,45,1,11.11,0.0,Debit Card,Completed,POS-v2
ORD-714884,2,2026-07-23 16:13:22,2,203,213,1,429.01,42.9,Mobile Pay,Completed,POS-v2
ORD-715288,2,2026-07-25 15:07:38,17,737,145,1,20.64,0.0,Debit Card,Completed,POS-v2
ORD-714893,1,2026-07-23 10:08:35,6,213,73,1,156.03,0.0,Credit Card,Completed,POS-v2
ORD-715991,1,2026-07-28 16:04:18,20,1105,185,1,93.73,0.0,Mobile Pay,Completed,POS-v2
ORD-715217,1,2026-07-25 18:47:19,2,368,52,3,244.00,0.0,Credit Card,Completed,POS-v2
ORD-715725,3,2026-07-27 14:15:19,18,159,212,1,40.54,4.05,Debit Card,Completed,POS-v2
ORD-715517,2,2026-07-26 16:53:28,2,953,124,1,60.39,0.0,Debit Card,Completed,POS-v2
ORD-715760,2,2026-07-27 17:55:10,4,742,84,1,50.83,0.0,Mobile Pay,Completed,POS-v2
ORD-689885,1,2026-03-22 09:44:13,19,1046,160,2,1082.37,0.0,Cash,Returned,POS-v2
ORD-715557,2,2026-07-26 20:22:38,6,,67,3,16.30,0.0,Gift Card,Returned,POS-v2
ORD-715543,1,2026-07-26 19:47:03,4,20,11,1,338.28,0.0,Mobile Pay,Completed,POS-v2
ORD-714797,3,2026-07-23 09:57:56,12,99,38,1,15.39,0.0,Gift Card,Completed,POS-v2
ORD-715020,2,2026-07-24 14:59:42,5,958,146,1,135.01,0.0,Mobile Pay,Completed,POS-v2
ORD-715011,3,2026-07-24 21:42:22,18,1085,8,1,16.90,0.0,Debit Card,Completed,POS-v2
ORD-715588,1,2026-07-26 18:09:11,21,1131,250,1,15.57,0.0,Gift Card,Completed,WEB
ORD-714677,1,2026-07-22 15:53:20,5,240,39,1,47.04,0.0,Cash,Completed,POS-v2
ORD-715016,2,2026-07-24 09:53:10,1,301,221,1,17.16,0.0,Gift Card,Completed,POS-v2
ORD-714815,1,2026-07-23 17:43:58,7,489,86,1,2.14,0.0,Credit Card,Completed,POS-v2
ORD-590667,1,2024-11-20 14:41:43,10,455,54,1,22.37,0.0,Mobile Pay,Returned,POS-v2
ORD-715836,4,2026-07-27 15:58:24,16,27,161,1,426.31,0.0,Gift Card,Completed,POS-v2
ORD-715956,3,2026-07-28 11:07:32,6,368,246,1,113.08,11.31,Gift Card,COMPLETED,POS-v2
ORD-715220,2,2026-07-25 11:29:15,5,664,225,2,69.71,0.0,Credit Card,Completed,POS-v2
ORD-715647,2,2026-07-26 11:28:46,18,509,101,2,1276.11,0.0,Gift Card,COMPLETED,POS-v2
ORD-714811,1,2026-07-23 16:05:35,20,,149,1,134.15,26.83,Credit Card,COMPLETED,POS-v2
ORD-715770,1,2026-07-27 19:53:42,12,352,238,1,111.07,0.0,Gift Card,Completed,POS-v2
ORD-715911,1,2026-07-28 14:46:57,4,67,19,1,16.07,0.0,Cash,Completed,POS-v2
ORD-715753,1,2026-07-27 16:35:24,14,908,63,3,113.03,0.0,Gift Card,Completed,POS-v2
ORD-715389,1,2026-07-25 15:17:11,5,283,124,2,60.39,0.0,Debit Card,Completed,POS-v2
ORD-714655,1,2026-07-22 20:09:47,10,7,41,1,15.59,0.78,Credit Card,Completed,POS-v2
ORD-715315,1,2026-07-25 17:03:11,6,723,2,1,328.81,65.76,Cash,Cancelled,POS-v2
ORD-715428,1,2026-07-26 10:23:30,8,,90,3,125.43,0.0,Cash,Completed,POS-v2
ORD-714871,2,2026-07-23 16:50:56,5,1097,180,1,84.76,0.0,Gift Card,Completed,POS-v2
ORD-715299,3,2026-07-25 12:11:18,7,637,114,2,51.47,0.0,Mobile Pay,Completed,POS-v2
ORD-715069,1,2026-07-24 15:34:11,2,,13,1,55.30,0.0,Cash,Completed,POS-v2
ORD-651339,2,2025-09-27 13:15:21,19,845,135,1,9.65,0.0,Mobile Pay,Returned,POS-v2
ORD-715812,2,2026-07-27 16:46:48,18,47,144,1,45.16,4.52,Credit Card,Completed,POS-v2
ORD-715952,1,2026-07-28 11:54:18,18,896,22,2,150.38,30.08,Mobile Pay,COMPLETED,POS-v2
ORD-541883,1,2024-02-28 20:43:40,6,677,96,1,66.59,0.0,Credit Card,Returned,POS-v2
ORD-715656,1,2026-07-26 14:54:35,11,189,122,2,1194.92,0.0,Debit Card,Completed,POS-v2
ORD-715821,1,2026-07-27 15:22:51,21,1013,14,2,81.28,8.13,Mobile Pay,Completed,WEB
ORD-715884,1,2026-07-28 10:29:37,8,1021,126,1,5.42,0.0,Debit Card,Completed,POS-v2
ORD-715558,1,2026-07-26 11:36:15,6,676,223,1,1351.62,0.0,Gift Card,Completed,POS-v2
ORD-715982,2,2026-07-28 19:36:10,2,805,100,1,70.39,0.0,Debit Card,Completed,POS-v2
ORD-715270,2,2026-07-25 18:35:43,7,926,142,1,140.07,0.0,Mobile Pay,Cancelled,POS-v2
ORD-715812,1,07/27/2026 16:46,18,47,121,1,6.80,0.0,Gift Card,Completed,POS-v2
ORD-715727,2,2026-07-27 14:15:26,17,161,14,1,81.28,0.0,Debit Card,Completed,POS-v2
ORD-715174,1,2026-07-25 17:13:41,21,,10,1,29.56,0.0,Credit Card,Completed,WEB
ORD-715530,1,2026-07-26 13:08:49,14,1188,39,1,47.04,0.0,Cash,Completed,POS-v2
ORD-715888,4,2026-07-28 19:19:16,8,1175,201,1,15.47,0.0,Debit Card,Completed,POS-v2
ORD-715442,1,2026-07-26 08:52:12,5,495,137,1,46.27,0.0,Cash,Completed,POS-v2
ORD-714869,2,2026-07-23 16:40:06,6,224,228,1,27.53,0.0,Mobile Pay,Completed,POS-v2
ORD-715882,1,2026-07-28 18:26:21,1,651,151,1,1170.91,0.0,Debit Card,Completed,POS-v2
ORD-714693,2,2026-07-22 20:14:49,19,343,60,1,206.81,41.36,Cash,Completed,POS-v2
ORD-715626,1,2026-07-26 13:01:43,10,1080,47,1,481.76,72.26,Debit Card,Cancelled,POS-v2
ORD-715411,1,2026-07-25 16:35:18,18,,86,1,2.14,0.0,Gift Card,Cancelled,POS-v2
ORD-715229,1,2026-07-25 17:40:37,17,317,197,1,68.48,0.0,Gift Card,Completed,POS-v2
ORD-715496,2,2026-07-26 20:08:55,13,361,218,1,28.28,0.0,Gift Card,Completed,POS-v2
ORD-716049,1,2026-07-28 14:22:21,14,578,226,1,300.23,0.0,Debit Card,Completed,POS-v2
ORD-714869,1,2026-07-23 16:40:06,6,224,144,5,45.16,22.58,Cash,Completed,POS-v2
ORD-715745,1,2026-07-27 16:54:55,12,516,89,2,293.17,0.0,Gift Card,Returned,POS-v2
ORD-714721,1,2026-07-22 14:32:38,1,643,36,1,78.85,0.0,Cash,Completed,POS-v2
ORD-715858,1,2026-07-28 19:55:16,16,714,226,1,300.23,0.0,Cash,Completed,POS-v2
ORD-715759,1,2026-07-27 18:57:42,18,288,229,1,23.72,0.0,Cash,Completed,POS-v2
ORD-715695,1,2026-07-27 12:40:16,11,510,101,1,1276.11,255.22,Credit Card,Completed,POS-v2
ORD-715063,1,2026-07-24 13:13:18,4,114,81,3,784.69,0.0,Credit Card,Completed,POS-v2
ORD-715616,2,2026-07-26 15:51:53,1,881,153,2,1127.10,338.13,Credit Card,Completed,POS-v2
ORD-715654,1,2026-07-26 11:06:12,13,689,208,1,74.89,0.0,Gift Card,Returned,POS-v2
ORD-555593,1,2024-05-17 14:22:49,11,705,106,1,1186.50,59.33,Mobile Pay,Returned,POS-v2
ORD-715807,1,2026-07-27 16:20:10,6,376,106,1,1186.50,59.33,Gift Card,Completed,POS-v2
ORD-715074,2,2026-07-24 12:24:30,14,212,205,1,36.36,0.0,Cash,Completed,POS-v2
ORD-715390,3,2026-07-25 08:32:02,15,529,153,1,1127.10,0.0,Cash,Completed,POS-v2
ORD-714608,2,2026-07-22 20:53:32,3,858,120,1,91.88,0.0,Mobile Pay,Completed,POS-v2
ORD-714667,1,2026-07-22 18:02:55,8,999,178,1,17.45,0.0,Cash,Completed,POS-v2
ORD-714887,1,2026-07-23 18:35:04,17,625,76,1,474.35,0.0,Cash,Completed,POS-v2
ORD-715613,1,2026-07-26 16:14:32,19,367,166,1,4.90,0.0,Mobile Pay,Completed,POS-v2
ORD-715543,4,2026-07-26 19:47:03,4,20,54,1,22.37,1.12,Debit Card,Completed,POS-v2
ORD-715842,2,2026-07-27 17:54:06,9,,42,2,77.88,0.0,Mobile Pay,Completed,POS-v2
ORD-714784,1,2026-07-23 14:17:32,9,866,137,3,46.27,0.0,Cash,Completed,POS-v2
ORD-714911,3,2026-07-23 14:33:56,2,939,159,1,126.56,6.33,Cash,Returned,POS-v2
ORD-715968,1,2026-07-28 11:03:51,4,54,173,1,2.96,0.0,Credit Card,Completed,POS-v2
ORD-714920,1,2026-07-23 16:39:37,4,,249,3,11.47,0.0,Mobile Pay,Completed,POS-v2
ORD-715637,2,2026-07-26 20:08:15,3,117,158,2,25.03,0.0,Debit Card,Completed,POS-v2
ORD-714676,2,2026-07-22 16:25:52,19,372,58,1,10.46,2.09,Gift Card,Returned,POS-v2
ORD-714980,1,2026-07-24 14:51:27,3,513,115,1,80.31,0.0,Cash,Completed,POS-v2
ORD-714815,2,2026-07-23 17:43:58,7,489,117,1,1117.37,0.0,Debit Card,COMPLETED,POS-v2
ORD-715616,1,2026-07-26 15:51:53,1,881,150,1,105.01,0.0,Cash,Completed,POS-v2
ORD-714779,1,2026-07-22 12:39:32,17,326,179,2,799.36,0.0,Gift Card,RETURNED,POS-v2
ORD-715615,1,2026-07-26 16:56:39,2,78,184,1,83.24,0.0,Mobile Pay,COMPLETED,POS-v2
ORD-714631,1,2026-07-22 09:24:55,21,1102,166,1,4.90,0.0,Debit Card,Completed,WEB
ORD-714854,3,2026-07-23 12:50:34,20,,41,1,15.59,0.0,Credit Card,Cancelled,POS-v2
ORD-715595,1,2026-07-26 09:41:32,19,612,85,1,824.56,0.0,Credit Card,Completed,POS-v2
ORD-714705,1,2026-07-22 15:23:23,17,1027,95,1,9.57,0.48,Cash,Completed,POS-v2
ORD-715158,1,2026-07-24 18:28:06,20,536,125,1,16.05,2.41,Credit Card,Completed,POS-v2
ORD-714743,1,2026-07-22 18:16:54,8,519,177,1,35.36,0.0,Cash,Completed,POS-v2
ORD-715617,2,2026-07-26 14:13:57,14,627,224,1,180.57,9.03,Cash,Completed,POS-v2
ORD-715316,4,2026-07-25 18:27:00,3,,159,1,126.56,0.0,Gift Card,Returned,POS-v2
ORD-714737,2,2026-07-22 11:26:02,19,470,195,1,610.56,61.06,Credit Card,Cancelled,POS-v2
ORD-693473,1,2026-04-10 14:02:38,10,926,140,1,94.75,0.0,Credit Card,Returned,POS-v2
ORD-715756,1,2026-07-27 09:26:45,8,737,131,2,128.39,0.0,Gift Card,Completed,POS-v2
ORD-714763,2,2026-07-22 17:57:39,19,78,38,1,15.39,0.0,Debit Card,Completed,POS-v2
ORD-715374,1,2026-07-25 17:56:02,16,567,21,1,551.96,82.79,Debit Card,COMPLETED,POS-v2
ORD-715084,3,2026-07-24 11:43:09,19,489,182,1,195.25,0.0,Credit Card,Completed,POS-v2
ORD-714912,1,2026-07-23 15:09:56,7,382,9,1,10.43,0.0,Credit Card,Completed,POS-v2
ORD-714759,1,2026-07-22 16:07:14,17,116,187,2,111.55,0.0,Debit Card,Completed,POS-v2
ORD-714774,1,2026-07-22 16:05:24,10,550,228,2,27.53,0.0,Debit Card,Completed,POS-v2
ORD-715607,1,2026-07-26 12:36:20,17,1031,44,1,97.85,0.0,Cash,Completed,POS-v2
ORD-714904,1,2026-07-23 15:14:37,2,,139,1,13.55,0.0,Mobile Pay,Returned,POS-v2
ORD-715653,1,2026-07-26 18:43:15,12,1030,133,1,602.18,0.0,Cash,Completed,POS-v2
ORD-715776,1,2026-07-27 09:40:12,10,,213,1,429.01,0.0,Cash,Completed,POS-v2
ORD-714951,1,2026-07-23 17:45:15,8,621,159,2,126.56,0.0,Debit Card,Completed,POS-v2
ORD-715135,2,2026-07-24 18:33:48,15,834,169,1,24.37,2.44,Cash,Completed,POS-v2
ORD-714873,4,2026-07-23 11:51:39,15,,218,1,28.28,4.24,Cash,Completed,POS-v2
ORD-715101,1,2026-07-24 20:22:20,6,1,14,1,81.28,0.0,Mobile Pay,Completed,POS-v2
ORD-715556,1,2026-07-26 15:14:31,18,315,24,1,1052.95,0.0,Debit Card,Completed,POS-v2
ORD-715041,1,2026-07-24 17:59:06,4,80,207,1,70.84,0.0,Mobile Pay,Completed,POS-v2
ORD-715986,2,2026-07-28 16:37:37,15,447,160,2,1082.37,0.0,Mobile Pay,Completed,POS-v2
ORD-714658,2,2026-07-22 14:53:37,11,341,14,2,81.28,0.0,Credit Card,Completed,POS-v2
ORD-715974,1,2026-07-28 14:40:17,3,872,153,1,1127.10,0.0,Credit Card,Completed,POS-v2
ORD-714686,1,2026-07-22 20:39:03,19,309,183,2,145.87,0.0,Cash,COMPLETED,POS-v2
ORD-715159,2,2026-07-24 16:18:13,14,175,159,2,126.56,0.0,Gift Card,Completed,POS-v2
ORD-715867,1,2026-07-28 08:42:14,12,321,165,1,59.42,0.0,Credit Card,Completed,POS-v2
ORD-715176,1,2026-07-25 16:07:00,10,515,50,1,215.03,0.0,Mobile Pay,Completed,POS-v2
ORD-715320,2,2026-07-25 16:08:19,6,62,54,1,22.37,0.0,Debit Card,Completed,POS-v2
ORD-714925,1,2026-07-23 12:13:48,14,270,76,1,474.35,94.87,Cash,Completed,POS-v2
ORD-715235,1,2026-07-25 13:40:48,19,23,21,5,551.96,275.98,Cash,COMPLETED,POS-v2
ORD-715723,1,2026-07-27 17:47:03,12,240,177,1,35.36,0.0,Gift Card,Completed,POS-v2
ORD-696849,1,2026-04-26 13:15:56,17,,181,1,170.57,0.0,Cash,Returned,POS-v2
ORD-715827,2,2026-07-27 15:45:27,2,727,165,2,59.42,17.83,Mobile Pay,Completed,POS-v2
ORD-715531,2,2026-07-26 18:00:43,9,71,104,1,67.69,0.0,Debit Card,RETURNED,POS-v2
ORD-715394,1,2026-07-25 14:48:47,12,75,66,3,9.23,0.0,Mobile Pay,Cancelled,POS-v2
ORD-714977,2,2026-07-24 08:36:07,2,473,221,2,17.16,0.0,Debit Card,Completed,POS-v2
ORD-716046,2,2026-07-28 10:55:38,9,185,149,1,134.15,0.0,Credit Card,Completed,POS-v2
ORD-714746,1,2026-07-22 12:09:48,9,1175,91,2,299.59,0.0,Gift Card,Completed,POS-v2
ORD-714739,1,2026-07-22 15:12:44,1,765,224,2,180.57,0.0,Debit Card,Completed,POS-v2
ORD-714663,1,2026-07-22 09:15:57,13,683,43,1,6.76,1.01,Gift Card,Cancelled,POS-v2
ORD-714643,2,2026-07-22 17:20:25,10,,132,1,29.88,0.0,Gift Card,COMPLETED,POS-v2
ORD-715370,1,2026-07-25 20:08:15,20,106,147,1,60.30,0.0,Gift Card,Completed,POS-v2
ORD-715549,1,07/26/2026 13:29,17,,134,1,392.62,0.0,Mobile Pay,Returned,POS-v2
ORD-715715,2,2026-07-27 16:29:53,8,694,143,2,1.79,0.0,Mobile Pay,Completed,POS-v2
ORD-714754,2,2026-07-22 17:12:29,14,,166,1,4.90,0.0,Credit Card,Completed,POS-v2
ORD-714902,2,2026-07-23 13:41:40,1,975,115,1,80.31,0.0,Debit Card,Cancelled,POS-v2
ORD-715272,1,2026-07-25 11:27:17,4,819,110,1,25.73,0.0,Mobile Pay,Completed,POS-v2
ORD-508171,3,2023-09-02 15:41:43,14,470,114,1,51.47,0.0,Mobile Pay,Returned,POS-v2
ORD-715737,1,2026-07-27 21:01:00,7,519,126,1,5.42,0.0,Credit Card,Completed,POS-v2
ORD-715783,1,2026-07-27 15:47:30,12,936,55,1,631.41,31.57,Debit Card,Completed,POS-v2
ORD-714910,1,2026-07-23 15:59:03,14,312,38,1,15.39,0.0,Debit Card,Completed,POS-v2
ORD-714646,1,2026-07-22 20:18:05,6,1115,37,2,16.94,0.0,Debit Card,Completed,POS-v2
ORD-715810,1,2026-07-27 18:05:54,8,2,22,1,150.38,15.04,Gift Card,Completed,POS-v2
ORD-714673,1,2026-07-22 14:00:50,20,735,92,5,116.18,0.0,Credit Card,Completed,POS-v2
ORD-715727,1,2026-07-27 14:15:26,17,161,129,1,24.64,2.46,Gift Card,Completed,POS-v2
ORD-715923,1,2026-07-28 17:27:49,1,704,40,1,364.97,0.0,Mobile Pay,Cancelled,POS-v2
ORD-513339,2,2023-10-03 20:19:14,10,543,131,1,128.39,12.84,Credit Card,Returned,POS-v2
ORD-714983,3,2026-07-24 16:58:42,7,601,215,5,95.16,0.0,Credit Card,Completed,POS-v2
ORD-715575,1,2026-07-26 09:27:58,1,,90,1,125.43,0.0,Cash,Completed,POS-v2
ORD-715541,1,2026-07-26 11:11:06,16,,160,1,1082.37,108.24,Debit Card,Completed,POS-v2
ORD-715807,2,2026-07-27 16:20:10,6,376,60,1,206.81,0.0,Credit Card,Cancelled,POS-v2
ORD-715320,1,2026-07-25 16:08:19,6,62,167,2,436.64,0.0,Debit Card,Completed,POS-v2
ORD-715135,1,2026-07-24 18:33:48,15,834,181,1,170.57,0.0,Debit Card,Completed,POS-v2
ORD-715094,3,2026-07-24 13:00:19,12,484,229,2,23.72,2.37,Credit Card,Completed,POS-v2
ORD-715804,1,2026-07-27 15:25:20,10,80,19,1,16.07,0.0,Debit Card,Returned,POS-v2
ORD-715621,2,2026-07-26 09:33:06,11,1198,188,2,117.59,0.0,Cash,Completed,POS-v2
ORD-715966,2,2026-07-28 19:01:46,14,440,213,1,429.01,21.45,Mobile Pay,Completed,POS-v2
ORD-715222,1,2026-07-25 19:05:41,15,600,221,1,17.16,0.0,Credit Card,Completed,POS-v2
ORD-715472,1,2026-07-26 16:34:23,15,,26,1,24.96,3.74,Debit Card,Completed,POS-v2
ORD-716011,1,2026-07-28 16:29:24,7,86,34,1,8.35,0.42,Debit Card,Completed,POS-v2
ORD-715024,2,2026-07-24 20:24:38,3,1122,124,1,60.39,0.0,Gift Card,CANCELLED,POS-v2
ORD-715860,1,2026-07-28 08:02:29,5,171,187,1,111.55,5.58,Mobile Pay,Completed,POS-v2
ORD-714786,2,2026-07-23 13:23:40,19,896,198,2,76.00,22.8,Credit Card,Completed,POS-v2
ORD-715400,2,2026-07-25 20:36:23,16,1074,32,2,63.67,0.0,Gift Card,Cancelled,POS-v2
ORD-714805,2,2026-07-23 15:22:28,18,522,68,1,103.58,0.0,Debit Card,Completed,POS-v2
ORD-715606,2,2026-07-26 16:50:13,12,500,71,5,11.90,11.9,Cash,Cancelled,POS-v2
ORD-715752,1,2026-07-27 17:21:31,4,356,122,2,1194.92,119.49,Credit Card,Completed,POS-v2
ORD-715890,1,2026-07-28 14:47:17,9,652,78,1,673.47,0.0,Credit Card,Completed,POS-v2
ORD-714657,1,2026-07-22 17:04:46,19,283,145,2,20.64,4.13,Cash,Completed,POS-v2
ORD-715363,3,2026-07-25 20:40:26,1,584,108,1,152.24,0.0,Debit Card,Completed,POS-v2
ORD-715324,2,2026-07-25 15:26:12,5,1030,236,1,61.31,0.0,Mobile Pay,Completed,POS-v2
ORD-715904,1,2026-07-28 15:24:30,8,564,47,1,481.76,0.0,Credit Card,Completed,POS-v2
ORD-714915,1,2026-07-23 15:14:21,20,816,136,1,55.76,0.0,Cash,Completed,POS-v2
ORD-715635,2,2026-07-26 14:02:00,19,994,153,1,$1127.10,0.0,Mobile Pay,Completed,POS-v2
ORD-715647,1,2026-07-26 11:28:46,18,509,134,1,392.62,0.0,Cash,Cancelled,POS-v2
ORD-715369,2,2026-07-25 16:43:46,21,408,74,1,50.24,0.0,Credit Card,Completed,WEB
ORD-715940,1,2026-07-28 19:59:45,13,652,109,2,91.47,0.0,Debit Card,Completed,POS-v2
ORD-715095,1,2026-07-24 18:33:02,18,1142,30,1,47.70,0.0,Mobile Pay,Completed,POS-v2
ORD-714805,1,2026-07-23 15:22:28,18,522,162,1,4.77,0.0,Cash,Completed,POS-v2
ORD-715431,1,2026-07-26 15:18:20,8,636,63,1,113.03,0.0,Debit Card,Completed,POS-v2
ORD-714954,2,2026-07-23 12:12:11,9,928,182,1,195.25,0.0,Credit Card,Completed,POS-v2
ORD-715293,2,2026-07-25 16:13:25,2,,116,1,131.65,0.0,Cash,Cancelled,POS-v2
ORD-715775,1,2026-07-27 19:59:33,9,127,182,1,195.25,0.0,Debit Card,Cancelled,POS-v2
ORD-715511,1,2026-07-26 12:15:03,11,1139,54,1,22.37,0.0,Cash,Completed,POS-v2
ORD-715489,1,2026-07-26 14:57:52,6,924,162,3,4.77,0.72,Gift Card,Completed,POS-v2
ORD-715571,1,07/26/2026 10:07,19,,19,1,16.07,0.0,Mobile Pay,Completed,POS-v2
ORD-715064,1,2026-07-24 17:09:49,18,709,35,1,11.26,2.25,Gift Card,Completed,POS-v2
ORD-690332,1,2026-03-25 11:25:45,9,773,181,1,170.57,0.0,Debit Card,Returned,POS-v2
ORD-715534,1,2026-07-26 17:59:51,2,,175,1,14.65,2.93,Cash,Completed,POS-v2
ORD-715268,3,2026-07-25 19:34:10,5,672,8,1,16.90,0.0,Gift Card,Completed,POS-v2
ORD-715537,2,2026-07-26 11:55:48,21,1087,99,1,65.31,0.0,Cash,Cancelled,WEB
ORD-714862,1,2026-07-23 17:44:16,10,590,85,1,824.56,0.0,Credit Card,Completed,POS-v2
ORD-715769,1,2026-07-27 16:04:50,14,720,78,1,673.47,0.0,Credit Card,Completed,POS-v2
ORD-715457,1,2026-07-26 11:42:58,17,,137,1,46.27,0.0,Credit Card,Completed,POS-v2
ORD-715694,1,2026-07-27 20:14:56,9,1135,106,1,1186.50,0.0,Credit Card,Completed,POS-v2
ORD-638406,1,2025-07-23 17:31:05,5,318,1,1,855.84,0.0,Cash,Returned,POS-v2
ORD-715034,2,2026-07-24 17:27:32,13,290,124,1,60.39,9.06,Mobile Pay,Cancelled,POS-v2
ORD-715962,1,2026-07-28 17:31:25,2,611,226,1,300.23,0.0,Debit Card,Completed,POS-v2
ORD-715796,1,2026-07-27 10:52:18,3,466,243,1,57.56,0.0,Credit Card,Completed,POS-v2
ORD-715079,2,2026-07-24 12:01:24,20,823,153,1,1127.10,0.0,Gift Card,Completed,POS-v2
ORD-715872,2,2026-07-28 11:15:18,10,899,236,2,61.31,18.39,Gift Card,Completed,POS-v2
ORD-715025,2,2026-07-24 21:13:32,12,745,58,3,10.46,0.0,Gift Card,CANCELLED,POS-v2
ORD-715414,4,2026-07-25 13:28:45,14,1173,180,1,84.76,0.0,Mobile Pay,Completed,POS-v2
ORD-715567,1,2026-07-26 14:20:32,10,781,129,1,24.64,0.0,Mobile Pay,Completed,POS-v2
ORD-715843,1,2026-07-27 16:16:44,14,558,97,1,49.27,0.0,Mobile Pay,Completed,POS-v2
ORD-522903,1,2023-11-20 15:17:47,1,134,108,2,152.24,30.45,Debit Card,Returned,POS-v2
ORD-715901,1,2026-07-28 17:44:09,18,775,136,1,55.76,0.0,Debit Card,Completed,POS-v2
ORD-715465,1,2026-07-26 21:42:42,10,423,87,2,3.41,0.0,Gift Card,Completed,POS-v2
ORD-714997,2,2026-07-24 19:37:52,16,591,223,3,1351.62,0.0,Gift Card,Completed,POS-v2
ORD-715299,1,2026-07-25 12:11:18,7,637,40,1,364.97,0.0,Debit Card,Completed,POS-v2
ORD-715060,1,2026-07-24 18:10:26,11,95,231,3,161.90,0.0,Credit Card,Completed,POS-v2
ORD-715080,2,2026-07-24 18:07:17,8,871,198,1,76.00,0.0,Credit Card,Completed,POS-v2
ORD-715985,2,2026-07-28 16:34:57,13,437,188,5,117.59,0.0,Debit Card,Completed,POS-v2
ORD-715578,2,2026-07-26 21:23:16,12,701,109,3,91.47,0.0,Gift Card,Completed,POS-v2
ORD-715097,2,2026-07-24 17:54:39,14,,233,1,50.90,10.18,Cash,Completed,POS-v2
ORD-715543,2,2026-07-26 19:47:03,4,20,73,2,156.03,0.0,Debit Card,Completed,POS-v2
ORD-715915,3,2026-07-28 09:45:29,6,3,44,1,97.85,0.0,Credit Card,Completed,POS-v2
ORD-715503,1,2026-07-26 13:52:46,10,222,113,1,9.01,0.0,Gift Card,Completed,POS-v2
ORD-715075,1,2026-07-24 18:24:54,14,942,12,2,20.16,0.0,Credit Card,Completed,POS-v2
ORD-716037,1,2026-07-28 12:30:52,15,778,128,1,72.85,3.64,Gift Card,Completed,POS-v2
ORD-714928,1,2026-07-23 19:22:00,18,129,58,1,10.46,0.0,Credit Card,Returned,POS-v2
ORD-714643,1,2026-07-22 17:20:25,10,,68,1,103.58,0.0,Credit Card,Completed,POS-v2
ORD-714852,2,2026-07-23 19:19:40,11,26,51,1,7.15,0.36,Debit Card,Completed,POS-v2
ORD-715930,1,2026-07-28 16:27:37,20,958,226,1,300.23,0.0,Credit Card,Returned,POS-v2
ORD-715658,2,2026-07-26 08:18:20,13,,9,1,10.43,0.0,Gift Card,Completed,POS-v2
ORD-652641,2,2025-10-04 15:59:40,5,208,121,1,6.80,0.0,Debit Card,Returned,POS-v2
ORD-715261,1,2026-07-25 14:41:05,20,241,227,1,134.16,6.71,Debit Card,Completed,POS-v2
ORD-715782,1,2026-07-27 20:19:49,15,489,177,2,35.36,0.0,Gift Card,Completed,POS-v2
ORD-714998,1,2026-07-24 20:00:41,15,178,150,1,105.01,0.0,Debit Card,Returned,POS-v2
ORD-715222,2,2026-07-25 19:05:41,15,600,102,1,428.38,0.0,Debit Card,Completed,POS-v2
ORD-715721,2,2026-07-27 11:13:40,1,124,89,1,293.17,0.0,Debit Card,Completed,POS-v2
ORD-714831,1,2026-07-23 13:30:48,21,804,95,1,9.57,0.0,Debit Card,Completed,WEB
ORD-714780,2,2026-07-23 15:25:17,14,1093,181,2,170.57,51.17,Debit Card,Completed,POS-v2
ORD-714629,1,2026-07-22 08:36:04,8,841,153,1,1127.10,225.42,Credit Card,Cancelled,POS-v2
ORD-715013,1,2026-07-24 17:36:09,18,,233,1,50.90,10.18,Debit Card,Returned,POS-v2
ORD-714638,2,2026-07-22 18:38:03,9,1050,115,3,80.31,0.0,Credit Card,Returned,POS-v2
ORD-715359,1,2026-07-25 15:34:49,4,80,138,1,101.54,0.0,Cash,Completed,POS-v2
ORD-714727,2,2026-07-22 12:01:57,6,97,6,3,144.10,0.0,Gift Card,Completed,POS-v2
ORD-715746,2,2026-07-27 20:16:19,5,951,58,2,10.46,0.0,Mobile Pay,Completed,POS-v2
ORD-715749,1,2026-07-27 18:59:18,14,112,74,2,50.24,0.0,Debit Card,Completed,POS-v2
ORD-716007,1,2026-07-28 12:50:22,17,161,224,1,180.57,36.11,Mobile Pay,Completed,POS-v2
ORD-715702,2,2026-07-27 20:32:47,15,1133,108,2,152.24,0.0,Credit Card,Completed,POS-v2
ORD-715257,3,2026-07-25 16:32:39,7,,243,2,57.56,17.27,Gift Card,Cancelled,POS-v2
ORD-715145,2,2026-07-24 19:59:59,11,1116,204,1,274.55,0.0,Credit Card,Returned,POS-v2
ORD-715371,1,2026-07-25 13:33:58,18,,99,1,65.31,0.0,Gift Card,Completed,POS-v2
ORD-715241,1,2026-07-25 08:36:54,11,879,216,1,267.06,0.0,Gift Card,Completed,POS-v2
ORD-715632,1,2026-07-26 15:58:16,17,1073,32,2,63.67,6.37,Gift Card,Completed,POS-v2
ORD-715028,1,2026-07-24 19:06:36,15,965,69,1,392.90,39.29,Mobile Pay,RETURNED,POS-v2
ORD-715173,1,2026-07-25 12:05:57,10,242,96,1,66.59,0.0,Mobile Pay,CANCELLED,POS-v2
ORD-715873,1,2026-07-28 15:30:07,21,1001,22,1,150.38,0.0,Credit Card,Completed,WEB
ORD-714922,1,2026-07-23 18:48:51,9,1093,55,1,631.41,0.0,Gift Card,Completed,POS-v2
ORD-715181,2,2026-07-25 13:46:28,14,,155,5,19.51,0.0,Cash,Completed,POS-v2
ORD-612240,2,2025-03-07 13:13:30,18,252,26,1,24.96,0.0,Cash,Returned,POS-v2
ORD-714968,1,2026-07-24 14:16:58,13,2,74,1,50.24,0.0,Mobile Pay,Completed,POS-v2
ORD-715494,1,2026-07-26 11:45:06,12,38,53,1,488.62,0.0,Mobile Pay,Completed,POS-v2
ORD-715569,1,2026-07-26 09:29:28,18,204,215,1,95.16,0.0,Gift Card,Completed,POS-v2
ORD-715397,3,07/25/2026 14:10,21,155,14,1,81.28,0.0,Credit Card,Returned,WEB
ORD-714742,1,2026-07-22 14:01:54,5,1142,52,1,244.00,0.0,Gift Card,Completed,POS-v2
ORD-716034,1,2026-07-28 13:46:42,13,892,183,2,145.87,0.0,Debit Card,Cancelled,POS-v2
ORD-714613,1,2026-07-22 13:36:18,21,463,202,1,561.01,0.0,Debit Card,Completed,WEB
ORD-715871,1,2026-07-28 10:07:47,18,,14,2,81.28,0.0,Cash,Completed,POS-v2
ORD-715322,3,2026-07-25 14:38:38,14,425,124,1,60.39,0.0,Debit Card,Completed,POS-v2
ORD-715945,2,2026-07-28 15:25:15,13,,8,1,16.90,0.84,Mobile Pay,Completed,POS-v2
ORD-714874,1,2026-07-23 19:40:18,20,179,76,1,474.35,0.0,Gift Card,Completed,POS-v2
ORD-714737,3,2026-07-22 11:26:02,19,470,206,1,40.72,0.0,Mobile Pay,Cancelled,POS-v2
ORD-715554,2,2026-07-26 20:29:27,16,1047,194,1,131.67,0.0,Mobile Pay,Completed,POS-v2
ORD-715492,1,2026-07-26 16:28:50,10,262,242,3,16.09,0.0,Credit Card,Completed,POS-v2
ORD-715685,1,2026-07-27 18:26:06,18,843,105,3,46.98,7.05,Credit Card,Completed,POS-v2
ORD-715177,1,2026-07-25 15:34:38,1,683,63,2,113.03,0.0,Credit Card,Completed,POS-v2
ORD-648878,2,2025-09-14 20:54:37,5,24,153,2,1127.10,0.0,Debit Card,Returned,POS-v2
ORD-715570,2,2026-07-26 21:24:39,2,223,187,1,111.55,0.0,Debit Card,Completed,POS-v2
ORD-714777,2,2026-07-22 16:51:22,8,1030,161,1,426.31,0.0,Credit Card,Completed,POS-v2
ORD-715869,1,2026-07-28 17:51:58,1,756,200,2,42.31,0.0,Gift Card,Returned,POS-v2
ORD-714900,1,2026-07-23 15:34:09,11,154,221,3,17.16,0.0,Mobile Pay,Completed,POS-v2
ORD-509180,2,2023-09-08 09:14:40,12,297,165,1,59.42,2.97,Mobile Pay,Returned,POS-v2
ORD-715956,2,2026-07-28 11:07:32,6,368,84,2,50.83,0.0,Cash,Completed,POS-v2
ORD-714780,1,2026-07-23 15:25:17,14,1093,155,1,19.51,0.0,Debit Card,Completed,POS-v2
ORD-715612,1,2026-07-26 16:02:20,8,,145,2,20.64,0.0,Credit Card,Completed,POS-v2
ORD-715937,1,2026-07-28 13:26:52,18,1108,181,1,170.57,0.0,Credit Card,Completed,POS-v2
ORD-715867,2,2026-07-28 08:42:14,12,321,123,1,23.83,0.0,Gift Card,Completed,POS-v2
ORD-715879,1,2026-07-28 16:54:10,15,1105,70,1,237.97,0.0,Credit Card,Completed,POS-v2
ORD-715888,1,2026-07-28 19:19:16,8,1175,90,1,125.43,0.0,Gift Card,Completed,POS-v2
ORD-714740,3,2026-07-22 15:22:26,5,291,163,1,107.45,0.0,Debit Card,COMPLETED,POS-v2
ORD-715282,1,2026-07-25 16:09:17,12,47,39,1,47.04,0.0,Cash,Completed,POS-v2
ORD-714734,2,2026-07-22 19:34:12,20,64,162,1,4.77,0.0,Cash,Completed,POS-v2
ORD-715197,1,2026-07-25 19:03:19,17,504,76,3,474.35,0.0,Credit Card,Completed,POS-v2
ORD-716038,4,2026-07-28 15:25:41,17,,80,1,25.49,0.0,Debit Card,Completed,POS-v2
ORD-715242,1,2026-07-25 19:46:11,15,228,120,2,91.88,9.19,Mobile Pay,Completed,POS-v2
ORD-715017,2,2026-07-24 15:37:33,17,147,146,1,135.01,0.0,Gift Card,Completed,POS-v2
ORD-715676,1,2026-07-27 15:26:34,14,298,234,1,129.98,0.0,Cash,Completed,POS-v2
ORD-714878,4,2026-07-23 14:32:24,4,618,94,1,376.00,0.0,Debit Card,Completed,POS-v2
ORD-714663,3,2026-07-22 09:15:57,13,683,230,5,40.82,0.0,Cash,Completed,POS-v2
ORD-714684,1,2026-07-22 16:40:18,10,1186,53,1,488.62,0.0,Mobile Pay,Completed,POS-v2
ORD-714784,3,2026-07-23 14:17:32,9,866,61,1,47.01,0.0,Cash,Completed,POS-v2
ORD-714950,1,2026-07-23 15:45:34,12,,139,2,13.55,0.0,Cash,Completed,POS-v2
ORD-715710,1,2026-07-27 16:33:59,13,407,72,1,24.49,0.0,Mobile Pay,Completed,POS-v2
ORD-715780,1,2026-07-27 12:38:14,6,956,118,1,345.48,0.0,Mobile Pay,Completed,POS-v2
ORD-714712,1,2026-07-22 19:16:27,11,255,124,5,60.39,45.29,Debit Card,Completed,POS-v2
ORD-715864,3,2026-07-28 19:36:55,20,992,190,1,212.33,0.0,Mobile Pay,Completed,POS-v2
ORD-715474,3,2026-07-26 17:02:05,15,367,117,1,1117.37,0.0,Debit Card,Completed,POS-v2
